LineId,Line,Panel,BatchIdx,Lane,Rate,Ewma,Ucl,Lcl
ngp2,NGP2,Nozzle,0,1,0.0,0.0,12.27,0.0
ngp2,NGP2,Nozzle,0,2,0.0,0.0,3.86,0.0
ngp2,NGP2,Nozzle,0,3,0.0,0.0,3.29,0.0
ngp2,NGP2,Nozzle,0,4,0.0,0.0,3.75,0.0
ngp2,NGP2,Nozzle,0,5,0.0,0.0,2.9,0.0
ngp2,NGP2,Nozzle,0,6,0.0,0.0,3.54,0.0
ngp2,NGP2,Nozzle,0,7,0.0,0.0,4.82,0.0
ngp2,NGP2,Nozzle,0,8,0.0,0.0,3.23,0.0
ngp2,NGP2,Nozzle,0,9,0.0,0.0,4.04,0.0
ngp2,NGP2,Nozzle,0,10,0.0,0.0,3.1,0.0
ngp2,NGP2,Nozzle,1,1,0.43,0.085,12.27,0.0
ngp2,NGP2,Nozzle,1,2,0.4,0.081,3.86,0.0
ngp2,NGP2,Nozzle,1,3,0.38,0.076,3.29,0.0
ngp2,NGP2,Nozzle,1,4,0.43,0.085,3.75,0.0
ngp2,NGP2,Nozzle,1,5,0.38,0.076,2.9,0.0
ngp2,NGP2,Nozzle,1,6,0.47,0.094,3.54,0.0
ngp2,NGP2,Nozzle,1,7,0.56,0.112,4.82,0.0
ngp2,NGP2,Nozzle,1,8,0.54,0.108,3.23,0.0
ngp2,NGP2,Nozzle,1,9,0.38,0.076,4.04,0.0
ngp2,NGP2,Nozzle,1,10,0.45,0.09,3.1,0.0
ngp2,NGP2,Nozzle,2,1,0.34,0.137,12.27,0.0
ngp2,NGP2,Nozzle,2,2,0.38,0.14,3.86,0.0
ngp2,NGP2,Nozzle,2,3,0.34,0.13,3.29,0.0
ngp2,NGP2,Nozzle,2,4,0.44,0.156,3.75,0.0
ngp2,NGP2,Nozzle,2,5,0.44,0.149,2.9,0.0
ngp2,NGP2,Nozzle,2,6,0.34,0.144,3.54,0.0
ngp2,NGP2,Nozzle,2,7,0.34,0.159,4.82,0.0
ngp2,NGP2,Nozzle,2,8,0.34,0.155,3.23,0.0
ngp2,NGP2,Nozzle,2,9,0.34,0.13,4.04,0.0
ngp2,NGP2,Nozzle,2,10,0.34,0.141,3.1,0.0
ngp2,NGP2,Nozzle,3,1,0.48,0.206,12.27,0.0
ngp2,NGP2,Nozzle,3,2,0.52,0.215,3.86,0.0
ngp2,NGP2,Nozzle,3,3,0.52,0.207,3.29,0.0
ngp2,NGP2,Nozzle,3,4,0.48,0.221,3.75,0.0
ngp2,NGP2,Nozzle,3,5,0.41,0.2,2.9,0.0
ngp2,NGP2,Nozzle,3,6,0.52,0.219,3.54,0.0
ngp2,NGP2,Nozzle,3,7,0.52,0.231,4.82,0.0
ngp2,NGP2,Nozzle,3,8,0.59,0.242,3.23,0.0
ngp2,NGP2,Nozzle,3,9,0.52,0.207,4.04,0.0
ngp2,NGP2,Nozzle,3,10,0.52,0.216,3.1,0.0
ngp2,NGP2,Nozzle,4,1,0.41,0.247,12.27,0.0
ngp2,NGP2,Nozzle,4,2,0.41,0.254,3.86,0.0
ngp2,NGP2,Nozzle,4,3,0.41,0.248,3.29,0.0
ngp2,NGP2,Nozzle,4,4,0.47,0.271,3.75,0.0
ngp2,NGP2,Nozzle,4,5,0.44,0.248,2.9,0.0
ngp2,NGP2,Nozzle,4,6,0.41,0.258,3.54,0.0
ngp2,NGP2,Nozzle,4,7,0.53,0.291,4.82,0.0
ngp2,NGP2,Nozzle,4,8,0.44,0.282,3.23,0.0
ngp2,NGP2,Nozzle,4,9,0.41,0.248,4.04,0.0
ngp2,NGP2,Nozzle,4,10,0.38,0.249,3.1,0.0
ngp2,NGP2,Nozzle,5,1,0.34,0.266,12.27,0.0
ngp2,NGP2,Nozzle,5,2,0.34,0.272,3.86,0.0
ngp2,NGP2,Nozzle,5,3,0.38,0.274,3.29,0.0
ngp2,NGP2,Nozzle,5,4,0.41,0.299,3.75,0.0
ngp2,NGP2,Nozzle,5,5,0.41,0.281,2.9,0.0
ngp2,NGP2,Nozzle,5,6,0.45,0.296,3.54,0.0
ngp2,NGP2,Nozzle,5,7,0.41,0.315,4.82,0.0
ngp2,NGP2,Nozzle,5,8,0.34,0.294,3.23,0.0
ngp2,NGP2,Nozzle,5,9,0.31,0.26,4.04,0.0
ngp2,NGP2,Nozzle,5,10,0.41,0.282,3.1,0.0
ngp2,NGP2,Nozzle,6,1,0.28,0.269,12.27,0.0
ngp2,NGP2,Nozzle,6,2,0.4,0.298,3.86,0.0
ngp2,NGP2,Nozzle,6,3,0.56,0.332,3.29,0.0
ngp2,NGP2,Nozzle,6,4,0.28,0.295,3.75,0.0
ngp2,NGP2,Nozzle,6,5,0.36,0.297,2.9,0.0
ngp2,NGP2,Nozzle,6,6,0.48,0.333,3.54,0.0
ngp2,NGP2,Nozzle,6,7,0.32,0.316,4.82,0.0
ngp2,NGP2,Nozzle,6,8,0.56,0.348,3.23,0.0
ngp2,NGP2,Nozzle,6,9,0.36,0.28,4.04,0.0
ngp2,NGP2,Nozzle,6,10,0.56,0.338,3.1,0.0
ngp2,NGP2,Nozzle,7,1,0.32,0.278,12.27,0.0
ngp2,NGP2,Nozzle,7,2,0.28,0.295,3.86,0.0
ngp2,NGP2,Nozzle,7,3,0.28,0.322,3.29,0.0
ngp2,NGP2,Nozzle,7,4,0.32,0.299,3.75,0.0
ngp2,NGP2,Nozzle,7,5,0.28,0.294,2.9,0.0
ngp2,NGP2,Nozzle,7,6,0.28,0.323,3.54,0.0
ngp2,NGP2,Nozzle,7,7,0.32,0.316,4.82,0.0
ngp2,NGP2,Nozzle,7,8,0.32,0.342,3.23,0.0
ngp2,NGP2,Nozzle,7,9,0.28,0.28,4.04,0.0
ngp2,NGP2,Nozzle,7,10,0.35,0.341,3.1,0.0
ngp2,NGP2,Nozzle,8,1,0.19,0.261,12.27,0.0
ngp2,NGP2,Nozzle,8,2,0.19,0.274,3.86,0.0
ngp2,NGP2,Nozzle,8,3,0.19,0.296,3.29,0.0
ngp2,NGP2,Nozzle,8,4,0.25,0.289,3.75,0.0
ngp2,NGP2,Nozzle,8,5,0.19,0.274,2.9,0.0
ngp2,NGP2,Nozzle,8,6,0.25,0.308,3.54,0.0
ngp2,NGP2,Nozzle,8,7,0.19,0.291,4.82,0.0
ngp2,NGP2,Nozzle,8,8,0.3,0.334,3.23,0.0
ngp2,NGP2,Nozzle,8,9,0.27,0.279,4.04,0.0
ngp2,NGP2,Nozzle,8,10,0.19,0.311,3.1,0.0
ngp2,NGP2,Nozzle,9,1,0.16,0.242,12.27,0.0
ngp2,NGP2,Nozzle,9,2,0.16,0.252,3.86,0.0
ngp2,NGP2,Nozzle,9,3,0.16,0.27,3.29,0.0
ngp2,NGP2,Nozzle,9,4,0.16,0.264,3.75,0.0
ngp2,NGP2,Nozzle,9,5,0.16,0.252,2.9,0.0
ngp2,NGP2,Nozzle,9,6,0.23,0.292,3.54,0.0
ngp2,NGP2,Nozzle,9,7,0.16,0.266,4.82,0.0
ngp2,NGP2,Nozzle,9,8,0.16,0.3,3.23,0.0
ngp2,NGP2,Nozzle,9,9,0.16,0.256,4.04,0.0
ngp2,NGP2,Nozzle,9,10,0.2,0.288,3.1,0.0
ngp2,NGP2,Nozzle,10,1,2.89,0.773,12.27,0.0
ngp2,NGP2,Nozzle,10,2,1.87,0.576,3.86,0.0
ngp2,NGP2,Nozzle,10,3,1.79,0.574,3.29,0.0
ngp2,NGP2,Nozzle,10,4,1.7,0.552,3.75,0.0
ngp2,NGP2,Nozzle,10,5,1.79,0.559,2.9,0.0
ngp2,NGP2,Nozzle,10,6,1.62,0.557,3.54,0.0
ngp2,NGP2,Nozzle,10,7,1.79,0.57,4.82,0.0
ngp2,NGP2,Nozzle,10,8,1.7,0.581,3.23,0.0
ngp2,NGP2,Nozzle,10,9,1.79,0.562,4.04,0.0
ngp2,NGP2,Nozzle,10,10,1.62,0.554,3.1,0.0
ngp2,NGP2,Nozzle,11,1,1.85,0.988,12.27,0.0
ngp2,NGP2,Nozzle,11,2,0.78,0.617,3.86,0.0
ngp2,NGP2,Nozzle,11,3,0.74,0.607,3.29,0.0
ngp2,NGP2,Nozzle,11,4,0.74,0.589,3.75,0.0
ngp2,NGP2,Nozzle,11,5,0.74,0.595,2.9,0.0
ngp2,NGP2,Nozzle,11,6,0.74,0.593,3.54,0.0
ngp2,NGP2,Nozzle,11,7,0.74,0.604,4.82,0.0
ngp2,NGP2,Nozzle,11,8,0.74,0.612,3.23,0.0
ngp2,NGP2,Nozzle,11,9,1.15,0.679,4.04,0.0
ngp2,NGP2,Nozzle,11,10,0.78,0.599,3.1,0.0
ngp2,NGP2,Nozzle,12,1,0.65,0.921,12.27,0.0
ngp2,NGP2,Nozzle,12,2,0.26,0.546,3.86,0.0
ngp2,NGP2,Nozzle,12,3,0.22,0.529,3.29,0.0
ngp2,NGP2,Nozzle,12,4,0.22,0.515,3.75,0.0
ngp2,NGP2,Nozzle,12,5,0.22,0.52,2.9,0.0
ngp2,NGP2,Nozzle,12,6,0.22,0.518,3.54,0.0
ngp2,NGP2,Nozzle,12,7,0.22,0.527,4.82,0.0
ngp2,NGP2,Nozzle,12,8,0.22,0.533,3.23,0.0
ngp2,NGP2,Nozzle,12,9,0.31,0.604,4.04,0.0
ngp2,NGP2,Nozzle,12,10,0.26,0.531,3.1,0.0
ngp2,NGP2,Nozzle,13,1,0.22,0.78,12.27,0.0
ngp2,NGP2,Nozzle,13,2,0.22,0.48,3.86,0.0
ngp2,NGP2,Nozzle,13,3,0.22,0.467,3.29,0.0
ngp2,NGP2,Nozzle,13,4,0.22,0.456,3.75,0.0
ngp2,NGP2,Nozzle,13,5,0.22,0.46,2.9,0.0
ngp2,NGP2,Nozzle,13,6,0.31,0.475,3.54,0.0
ngp2,NGP2,Nozzle,13,7,0.22,0.465,4.82,0.0
ngp2,NGP2,Nozzle,13,8,0.22,0.47,3.23,0.0
ngp2,NGP2,Nozzle,13,9,0.22,0.527,4.04,0.0
ngp2,NGP2,Nozzle,13,10,0.26,0.477,3.1,0.0
ngp2,NGP2,Nozzle,14,1,0.43,0.71,12.27,0.0
ngp2,NGP2,Nozzle,14,2,0.34,0.453,3.86,0.0
ngp2,NGP2,Nozzle,14,3,0.3,0.434,3.29,0.0
ngp2,NGP2,Nozzle,14,4,0.26,0.417,3.75,0.0
ngp2,NGP2,Nozzle,14,5,1.03,0.575,2.9,0.0
ngp2,NGP2,Nozzle,14,6,0.13,0.406,3.54,0.0
ngp2,NGP2,Nozzle,14,7,0.13,0.398,4.82,0.0
ngp2,NGP2,Nozzle,14,8,0.13,0.402,3.23,0.0
ngp2,NGP2,Nozzle,14,9,0.13,0.447,4.04,0.0
ngp2,NGP2,Nozzle,14,10,0.13,0.407,3.1,0.0
ngp2,NGP2,Nozzle,15,1,1.27,0.821,12.27,0.0
ngp2,NGP2,Nozzle,15,2,0.9,0.542,3.86,0.0
ngp2,NGP2,Nozzle,15,3,0.78,0.502,3.29,0.0
ngp2,NGP2,Nozzle,15,4,0.78,0.489,3.75,0.0
ngp2,NGP2,Nozzle,15,5,0.74,0.607,2.9,0.0
ngp2,NGP2,Nozzle,15,6,0.65,0.456,3.54,0.0
ngp2,NGP2,Nozzle,15,7,0.57,0.433,4.82,0.0
ngp2,NGP2,Nozzle,15,8,0.74,0.469,3.23,0.0
ngp2,NGP2,Nozzle,15,9,0.78,0.513,4.04,0.0
ngp2,NGP2,Nozzle,15,10,0.65,0.456,3.1,0.0
ngp2,NGP2,Nozzle,16,1,1.45,0.946,12.27,0.0
ngp2,NGP2,Nozzle,16,2,0.74,0.582,3.86,0.0
ngp2,NGP2,Nozzle,16,3,0.59,0.519,3.29,0.0
ngp2,NGP2,Nozzle,16,4,0.55,0.501,3.75,0.0
ngp2,NGP2,Nozzle,16,5,0.43,0.572,2.9,0.0
ngp2,NGP2,Nozzle,16,6,0.47,0.459,3.54,0.0
ngp2,NGP2,Nozzle,16,7,0.47,0.44,4.82,0.0
ngp2,NGP2,Nozzle,16,8,0.47,0.469,3.23,0.0
ngp2,NGP2,Nozzle,16,9,0.55,0.52,4.04,0.0
ngp2,NGP2,Nozzle,16,10,0.55,0.474,3.1,0.0
ngp2,NGP2,Nozzle,17,1,0.99,0.956,12.27,0.0
ngp2,NGP2,Nozzle,17,2,0.5,0.565,3.86,0.0
ngp2,NGP2,Nozzle,17,3,0.33,0.481,3.29,0.0
ngp2,NGP2,Nozzle,17,4,0.55,0.511,3.75,0.0
ngp2,NGP2,Nozzle,17,5,0.97,0.651,2.9,0.0
ngp2,NGP2,Nozzle,17,6,0.33,0.433,3.54,0.0
ngp2,NGP2,Nozzle,17,7,0.3,0.413,4.82,0.0
ngp2,NGP2,Nozzle,17,8,0.33,0.441,3.23,0.0
ngp2,NGP2,Nozzle,17,9,0.5,0.515,4.04,0.0
ngp2,NGP2,Nozzle,17,10,0.44,0.468,3.1,0.0
ngp2,NGP2,Nozzle,18,1,2.6,1.285,12.27,0.0
ngp2,NGP2,Nozzle,18,2,0.67,0.585,3.86,0.0
ngp2,NGP2,Nozzle,18,3,0.57,0.498,3.29,0.0
ngp2,NGP2,Nozzle,18,4,0.57,0.522,3.75,0.0
ngp2,NGP2,Nozzle,18,5,0.53,0.628,2.9,0.0
ngp2,NGP2,Nozzle,18,6,0.5,0.446,3.54,0.0
ngp2,NGP2,Nozzle,18,7,0.5,0.43,4.82,0.0
ngp2,NGP2,Nozzle,18,8,0.53,0.46,3.23,0.0
ngp2,NGP2,Nozzle,18,9,0.63,0.539,4.04,0.0
ngp2,NGP2,Nozzle,18,10,0.47,0.468,3.1,0.0
ngp2,NGP2,Nozzle,19,1,0.0,1.028,12.27,0.0
ngp2,NGP2,Nozzle,19,2,0.0,0.468,3.86,0.0
ngp2,NGP2,Nozzle,19,3,0.0,0.398,3.29,0.0
ngp2,NGP2,Nozzle,19,4,0.0,0.418,3.75,0.0
ngp2,NGP2,Nozzle,19,5,0.0,0.502,2.9,0.0
ngp2,NGP2,Nozzle,19,6,0.0,0.357,3.54,0.0
ngp2,NGP2,Nozzle,19,7,0.0,0.344,4.82,0.0
ngp2,NGP2,Nozzle,19,8,0.0,0.368,3.23,0.0
ngp2,NGP2,Nozzle,19,9,0.0,0.431,4.04,0.0
ngp2,NGP2,Nozzle,19,10,0.0,0.374,3.1,0.0
ngp2,NGP2,Nozzle,20,1,2.08,1.239,12.27,0.0
ngp2,NGP2,Nozzle,20,2,0.59,0.493,3.86,0.0
ngp2,NGP2,Nozzle,20,3,0.56,0.43,3.29,0.0
ngp2,NGP2,Nozzle,20,4,0.62,0.459,3.75,0.0
ngp2,NGP2,Nozzle,20,5,0.5,0.501,2.9,0.0
ngp2,NGP2,Nozzle,20,6,0.44,0.373,3.54,0.0
ngp2,NGP2,Nozzle,20,7,0.44,0.362,4.82,0.0
ngp2,NGP2,Nozzle,20,8,0.44,0.381,3.23,0.0
ngp2,NGP2,Nozzle,20,9,0.68,0.482,4.04,0.0
ngp2,NGP2,Nozzle,20,10,0.47,0.392,3.1,0.0
ngp2,NGP2,Nozzle,21,1,0.12,1.016,12.27,0.0
ngp2,NGP2,Nozzle,21,2,0.0,0.394,3.86,0.0
ngp2,NGP2,Nozzle,21,3,0.0,0.344,3.29,0.0
ngp2,NGP2,Nozzle,21,4,0.0,0.367,3.75,0.0
ngp2,NGP2,Nozzle,21,5,0.0,0.401,2.9,0.0
ngp2,NGP2,Nozzle,21,6,0.0,0.298,3.54,0.0
ngp2,NGP2,Nozzle,21,7,0.0,0.29,4.82,0.0
ngp2,NGP2,Nozzle,21,8,0.0,0.305,3.23,0.0
ngp2,NGP2,Nozzle,21,9,0.0,0.386,4.04,0.0
ngp2,NGP2,Nozzle,21,10,0.0,0.314,3.1,0.0
ngp2,NGP2,Nozzle,22,1,2.53,1.318,12.27,0.0
ngp2,NGP2,Nozzle,22,2,0.83,0.481,3.86,0.0
ngp2,NGP2,Nozzle,22,3,0.69,0.412,3.29,0.0
ngp2,NGP2,Nozzle,22,4,0.65,0.424,3.75,0.0
ngp2,NGP2,Nozzle,22,5,0.69,0.458,2.9,0.0
ngp2,NGP2,Nozzle,22,6,0.72,0.383,3.54,0.0
ngp2,NGP2,Nozzle,22,7,0.65,0.362,4.82,0.0
ngp2,NGP2,Nozzle,22,8,0.65,0.374,3.23,0.0
ngp2,NGP2,Nozzle,22,9,0.65,0.439,4.04,0.0
ngp2,NGP2,Nozzle,22,10,0.69,0.388,3.1,0.0
ngp2,NGP2,Nozzle,23,1,0.07,1.069,12.27,0.0
ngp2,NGP2,Nozzle,23,2,0.07,0.399,3.86,0.0
ngp2,NGP2,Nozzle,23,3,0.07,0.344,3.29,0.0
ngp2,NGP2,Nozzle,23,4,0.07,0.354,3.75,0.0
ngp2,NGP2,Nozzle,23,5,0.07,0.381,2.9,0.0
ngp2,NGP2,Nozzle,23,6,0.07,0.321,3.54,0.0
ngp2,NGP2,Nozzle,23,7,0.07,0.304,4.82,0.0
ngp2,NGP2,Nozzle,23,8,0.07,0.314,3.23,0.0
ngp2,NGP2,Nozzle,23,9,0.07,0.366,4.04,0.0
ngp2,NGP2,Nozzle,23,10,0.07,0.325,3.1,0.0
ngp2,NGP2,Nozzle,24,1,1.33,1.121,12.27,0.0
ngp2,NGP2,Nozzle,24,2,0.42,0.404,3.86,0.0
ngp2,NGP2,Nozzle,24,3,0.4,0.355,3.29,0.0
ngp2,NGP2,Nozzle,24,4,0.32,0.347,3.75,0.0
ngp2,NGP2,Nozzle,24,5,0.32,0.369,2.9,0.0
ngp2,NGP2,Nozzle,24,6,0.32,0.321,3.54,0.0
ngp2,NGP2,Nozzle,24,7,0.35,0.312,4.82,0.0
ngp2,NGP2,Nozzle,24,8,0.29,0.31,3.23,0.0
ngp2,NGP2,Nozzle,24,9,0.35,0.362,4.04,0.0
ngp2,NGP2,Nozzle,24,10,0.29,0.318,3.1,0.0
ngp2,NGP2,Nozzle,25,1,0.41,0.979,12.27,0.0
ngp2,NGP2,Nozzle,25,2,0.41,0.405,3.86,0.0
ngp2,NGP2,Nozzle,25,3,0.41,0.366,3.29,0.0
ngp2,NGP2,Nozzle,25,4,0.41,0.36,3.75,0.0
ngp2,NGP2,Nozzle,25,5,2.71,0.838,2.9,0.0
ngp2,NGP2,Nozzle,25,6,0.41,0.339,3.54,0.0
ngp2,NGP2,Nozzle,25,7,0.41,0.332,4.82,0.0
ngp2,NGP2,Nozzle,25,8,0.41,0.33,3.23,0.0
ngp2,NGP2,Nozzle,25,9,0.41,0.372,4.04,0.0
ngp2,NGP2,Nozzle,25,10,0.37,0.328,3.1,0.0
ngp2,NGP2,Nozzle,26,1,0.2,0.823,12.27,0.0
ngp2,NGP2,Nozzle,26,2,0.2,0.363,3.86,0.0
ngp2,NGP2,Nozzle,26,3,0.2,0.332,3.29,0.0
ngp2,NGP2,Nozzle,26,4,0.2,0.327,3.75,0.0
ngp2,NGP2,Nozzle,26,5,0.39,0.749,2.9,0.0
ngp2,NGP2,Nozzle,26,6,0.2,0.311,3.54,0.0
ngp2,NGP2,Nozzle,26,7,0.2,0.305,4.82,0.0
ngp2,NGP2,Nozzle,26,8,0.2,0.303,3.23,0.0
ngp2,NGP2,Nozzle,26,9,0.2,0.337,4.04,0.0
ngp2,NGP2,Nozzle,26,10,0.2,0.302,3.1,0.0
ngp2,NGP2,Nozzle,27,1,6.83,2.024,12.27,0.0
ngp2,NGP2,Nozzle,27,2,0.25,0.34,3.86,0.0
ngp2,NGP2,Nozzle,27,3,0.25,0.315,3.29,0.0
ngp2,NGP2,Nozzle,27,4,0.25,0.311,3.75,0.0
ngp2,NGP2,Nozzle,27,5,0.3,0.659,2.9,0.0
ngp2,NGP2,Nozzle,27,6,0.25,0.298,3.54,0.0
ngp2,NGP2,Nozzle,27,7,0.25,0.293,4.82,0.0
ngp2,NGP2,Nozzle,27,8,0.25,0.292,3.23,0.0
ngp2,NGP2,Nozzle,27,9,0.41,0.352,4.04,0.0
ngp2,NGP2,Nozzle,27,10,0.25,0.291,3.1,0.0
ngp2,NGP2,Nozzle,28,1,2.19,2.058,12.27,0.0
ngp2,NGP2,Nozzle,28,2,0.47,0.366,3.86,0.0
ngp2,NGP2,Nozzle,28,3,0.47,0.346,3.29,0.0
ngp2,NGP2,Nozzle,28,4,0.47,0.343,3.75,0.0
ngp2,NGP2,Nozzle,28,5,1.45,0.817,2.9,0.0
ngp2,NGP2,Nozzle,28,6,0.47,0.332,3.54,0.0
ngp2,NGP2,Nozzle,28,7,0.51,0.336,4.82,0.0
ngp2,NGP2,Nozzle,28,8,0.43,0.32,3.23,0.0
ngp2,NGP2,Nozzle,28,9,0.55,0.391,4.04,0.0
ngp2,NGP2,Nozzle,28,10,0.47,0.327,3.1,0.0
ngp2,NGP2,Nozzle,29,1,0.52,1.75,12.27,0.0
ngp2,NGP2,Nozzle,29,2,0.52,0.396,3.86,0.0
ngp2,NGP2,Nozzle,29,3,0.52,0.38,3.29,0.0
ngp2,NGP2,Nozzle,29,4,0.5,0.374,3.75,0.0
ngp2,NGP2,Nozzle,29,5,0.5,0.753,2.9,0.0
ngp2,NGP2,Nozzle,29,6,0.5,0.365,3.54,0.0
ngp2,NGP2,Nozzle,29,7,0.5,0.368,4.82,0.0
ngp2,NGP2,Nozzle,29,8,0.5,0.355,3.23,0.0
ngp2,NGP2,Nozzle,29,9,0.52,0.416,4.04,0.0
ngp2,NGP2,Nozzle,29,10,0.5,0.361,3.1,0.0
ngp2,NGP2,Camera,0,1,2.14,2.14,0.49,0.0
ngp2,NGP2,Camera,0,2,0.61,0.611,0.31,0.0
ngp2,NGP2,Camera,0,3,4.79,4.789,1.05,0.0
ngp2,NGP2,Camera,0,4,0.2,0.204,0.85,0.0
ngp2,NGP2,Camera,0,5,1.94,1.936,0.43,0.0
ngp2,NGP2,Camera,0,6,0.31,0.306,0.25,0.0
ngp2,NGP2,Camera,0,7,4.38,4.381,0.91,0.0
ngp2,NGP2,Camera,0,8,0.1,0.102,0.11,0.0
ngp2,NGP2,Camera,0,9,3.46,3.464,0.73,0.0
ngp2,NGP2,Camera,0,10,0.2,0.204,1.68,0.0
ngp2,NGP2,Camera,1,1,0.0,1.712,0.49,0.0
ngp2,NGP2,Camera,1,2,0.0,0.489,0.31,0.0
ngp2,NGP2,Camera,1,3,0.0,3.831,1.05,0.0
ngp2,NGP2,Camera,1,4,0.0,0.163,0.85,0.0
ngp2,NGP2,Camera,1,5,0.0,1.549,0.43,0.0
ngp2,NGP2,Camera,1,6,0.0,0.245,0.25,0.0
ngp2,NGP2,Camera,1,7,0.0,3.505,0.91,0.0
ngp2,NGP2,Camera,1,8,0.0,0.082,0.11,0.0
ngp2,NGP2,Camera,1,9,0.0,2.771,0.73,0.0
ngp2,NGP2,Camera,1,10,0.0,0.163,1.68,0.0
ngp2,NGP2,Camera,2,1,0.04,1.379,0.49,0.0
ngp2,NGP2,Camera,2,2,0.2,0.432,0.31,0.0
ngp2,NGP2,Camera,2,3,0.07,3.078,1.05,0.0
ngp2,NGP2,Camera,2,4,0.25,0.18,0.85,0.0
ngp2,NGP2,Camera,2,5,0.02,1.244,0.43,0.0
ngp2,NGP2,Camera,2,6,0.02,0.2,0.25,0.0
ngp2,NGP2,Camera,2,7,0.07,2.817,0.91,0.0
ngp2,NGP2,Camera,2,8,0.02,0.07,0.11,0.0
ngp2,NGP2,Camera,2,9,0.02,2.221,0.73,0.0
ngp2,NGP2,Camera,2,10,0.34,0.198,1.68,0.0
ngp2,NGP2,Camera,3,1,0.0,1.103,0.49,0.0
ngp2,NGP2,Camera,3,2,0.0,0.346,0.31,0.0
ngp2,NGP2,Camera,3,3,0.0,2.462,1.05,0.0
ngp2,NGP2,Camera,3,4,0.0,0.144,0.85,0.0
ngp2,NGP2,Camera,3,5,0.0,0.995,0.43,0.0
ngp2,NGP2,Camera,3,6,0.0,0.16,0.25,0.0
ngp2,NGP2,Camera,3,7,0.0,2.254,0.91,0.0
ngp2,NGP2,Camera,3,8,0.0,0.056,0.11,0.0
ngp2,NGP2,Camera,3,9,0.0,1.777,0.73,0.0
ngp2,NGP2,Camera,3,10,0.0,0.158,1.68,0.0
ngp2,NGP2,Camera,4,1,0.11,0.905,0.49,0.0
ngp2,NGP2,Camera,4,2,0.26,0.328,0.31,0.0
ngp2,NGP2,Camera,4,3,0.04,1.977,1.05,0.0
ngp2,NGP2,Camera,4,4,0.37,0.189,0.85,0.0
ngp2,NGP2,Camera,4,5,0.18,0.833,0.43,0.0
ngp2,NGP2,Camera,4,6,0.0,0.128,0.25,0.0
ngp2,NGP2,Camera,4,7,0.07,1.818,0.91,0.0
ngp2,NGP2,Camera,4,8,0.0,0.045,0.11,0.0
ngp2,NGP2,Camera,4,9,0.04,1.429,0.73,0.0
ngp2,NGP2,Camera,4,10,0.37,0.2,1.68,0.0
ngp2,NGP2,Camera,5,1,0.0,0.724,0.49,0.0
ngp2,NGP2,Camera,5,2,0.03,0.268,0.31,0.0
ngp2,NGP2,Camera,5,3,0.06,1.593,1.05,0.0
ngp2,NGP2,Camera,5,4,0.53,0.257,0.85,0.0
ngp2,NGP2,Camera,5,5,0.15,0.696,0.43,0.0
ngp2,NGP2,Camera,5,6,0.09,0.12,0.25,0.0
ngp2,NGP2,Camera,5,7,0.06,1.466,0.91,0.0
ngp2,NGP2,Camera,5,8,0.12,0.06,0.11,0.0
ngp2,NGP2,Camera,5,9,0.03,1.149,0.73,0.0
ngp2,NGP2,Camera,5,10,2.83,0.725,1.68,0.0
ngp2,NGP2,Camera,6,1,0.0,0.579,0.49,0.0
ngp2,NGP2,Camera,6,2,0.45,0.304,0.31,0.0
ngp2,NGP2,Camera,6,3,0.07,1.288,1.05,0.0
ngp2,NGP2,Camera,6,4,1.1,0.426,0.85,0.0
ngp2,NGP2,Camera,6,5,0.0,0.557,0.43,0.0
ngp2,NGP2,Camera,6,6,0.14,0.124,0.25,0.0
ngp2,NGP2,Camera,6,7,0.0,1.173,0.91,0.0
ngp2,NGP2,Camera,6,8,0.21,0.089,0.11,0.0
ngp2,NGP2,Camera,6,9,0.14,0.947,0.73,0.0
ngp2,NGP2,Camera,6,10,2.24,1.027,1.68,0.0
ngp2,NGP2,Camera,7,1,0.64,0.592,0.49,0.0
ngp2,NGP2,Camera,7,2,0.84,0.412,0.31,0.0
ngp2,NGP2,Camera,7,3,0.68,1.167,1.05,0.0
ngp2,NGP2,Camera,7,4,1.0,0.542,0.85,0.0
ngp2,NGP2,Camera,7,5,0.04,0.454,0.43,0.0
ngp2,NGP2,Camera,7,6,0.36,0.172,0.25,0.0
ngp2,NGP2,Camera,7,7,0.12,0.963,0.91,0.0
ngp2,NGP2,Camera,7,8,0.04,0.079,0.11,0.0
ngp2,NGP2,Camera,7,9,0.04,0.766,0.73,0.0
ngp2,NGP2,Camera,7,10,3.01,1.424,1.68,0.0
ngp2,NGP2,Camera,8,1,0.0,0.474,0.49,0.0
ngp2,NGP2,Camera,8,2,0.11,0.351,0.31,0.0
ngp2,NGP2,Camera,8,3,0.07,0.948,1.05,0.0
ngp2,NGP2,Camera,8,4,1.47,0.728,0.85,0.0
ngp2,NGP2,Camera,8,5,0.11,0.384,0.43,0.0
ngp2,NGP2,Camera,8,6,0.53,0.243,0.25,0.0
ngp2,NGP2,Camera,8,7,0.07,0.784,0.91,0.0
ngp2,NGP2,Camera,8,8,0.14,0.091,0.11,0.0
ngp2,NGP2,Camera,8,9,0.0,0.613,0.73,0.0
ngp2,NGP2,Camera,8,10,2.56,1.651,1.68,0.0
ngp2,NGP2,Camera,9,1,0.05,0.39,0.49,0.0
ngp2,NGP2,Camera,9,2,0.08,0.297,0.31,0.0
ngp2,NGP2,Camera,9,3,0.05,0.769,1.05,0.0
ngp2,NGP2,Camera,9,4,1.24,0.83,0.85,0.0
ngp2,NGP2,Camera,9,5,0.0,0.307,0.43,0.0
ngp2,NGP2,Camera,9,6,0.71,0.337,0.25,0.0
ngp2,NGP2,Camera,9,7,0.03,0.633,0.91,0.0
ngp2,NGP2,Camera,9,8,0.08,0.089,0.11,0.0
ngp2,NGP2,Camera,9,9,0.03,0.496,0.73,0.0
ngp2,NGP2,Camera,9,10,1.7,1.662,1.68,0.0
ngp2,NGP2,Camera,10,1,0.07,0.325,0.49,0.0
ngp2,NGP2,Camera,10,2,0.23,0.283,0.31,0.0
ngp2,NGP2,Camera,10,3,0.13,0.641,1.05,0.0
ngp2,NGP2,Camera,10,4,0.16,0.697,0.85,0.0
ngp2,NGP2,Camera,10,5,0.03,0.252,0.43,0.0
ngp2,NGP2,Camera,10,6,0.03,0.276,0.25,0.0
ngp2,NGP2,Camera,10,7,0.0,0.506,0.91,0.0
ngp2,NGP2,Camera,10,8,0.1,0.091,0.11,0.0
ngp2,NGP2,Camera,10,9,0.03,0.403,0.73,0.0
ngp2,NGP2,Camera,10,10,0.07,1.343,1.68,0.0
ngp2,NGP2,Camera,11,1,0.0,0.26,0.49,0.0
ngp2,NGP2,Camera,11,2,0.21,0.267,0.31,0.0
ngp2,NGP2,Camera,11,3,0.12,0.537,1.05,0.0
ngp2,NGP2,Camera,11,4,0.04,0.566,0.85,0.0
ngp2,NGP2,Camera,11,5,0.08,0.218,0.43,0.0
ngp2,NGP2,Camera,11,6,0.12,0.245,0.25,0.0
ngp2,NGP2,Camera,11,7,0.04,0.413,0.91,0.0
ngp2,NGP2,Camera,11,8,0.08,0.089,0.11,0.0
ngp2,NGP2,Camera,11,9,0.12,0.347,0.73,0.0
ngp2,NGP2,Camera,11,10,0.21,1.115,1.68,0.0
ngp2,NGP2,Camera,12,1,0.0,0.208,0.49,0.0
ngp2,NGP2,Camera,12,2,0.09,0.231,0.31,0.0
ngp2,NGP2,Camera,12,3,0.04,0.438,1.05,0.0
ngp2,NGP2,Camera,12,4,0.09,0.47,0.85,0.0
ngp2,NGP2,Camera,12,5,0.04,0.183,0.43,0.0
ngp2,NGP2,Camera,12,6,0.0,0.196,0.25,0.0
ngp2,NGP2,Camera,12,7,0.0,0.33,0.91,0.0
ngp2,NGP2,Camera,12,8,0.13,0.097,0.11,0.0
ngp2,NGP2,Camera,12,9,0.04,0.286,0.73,0.0
ngp2,NGP2,Camera,12,10,0.74,1.04,1.68,0.0
ngp2,NGP2,Camera,13,1,0.09,0.184,0.49,0.0
ngp2,NGP2,Camera,13,2,0.31,0.246,0.31,0.0
ngp2,NGP2,Camera,13,3,0.17,0.385,1.05,0.0
ngp2,NGP2,Camera,13,4,0.22,0.42,0.85,0.0
ngp2,NGP2,Camera,13,5,0.04,0.155,0.43,0.0
ngp2,NGP2,Camera,13,6,0.04,0.166,0.25,0.0
ngp2,NGP2,Camera,13,7,0.0,0.264,0.91,0.0
ngp2,NGP2,Camera,13,8,0.13,0.104,0.11,0.0
ngp2,NGP2,Camera,13,9,0.04,0.238,0.73,0.0
ngp2,NGP2,Camera,13,10,0.09,0.849,1.68,0.0
ngp2,NGP2,Camera,14,1,0.0,0.147,0.49,0.0
ngp2,NGP2,Camera,14,2,0.0,0.197,0.31,0.0
ngp2,NGP2,Camera,14,3,0.0,0.308,1.05,0.0
ngp2,NGP2,Camera,14,4,0.0,0.336,0.85,0.0
ngp2,NGP2,Camera,14,5,0.0,0.124,0.43,0.0
ngp2,NGP2,Camera,14,6,0.0,0.133,0.25,0.0
ngp2,NGP2,Camera,14,7,0.0,0.211,0.91,0.0
ngp2,NGP2,Camera,14,8,0.0,0.083,0.11,0.0
ngp2,NGP2,Camera,14,9,0.0,0.19,0.73,0.0
ngp2,NGP2,Camera,14,10,0.0,0.679,1.68,0.0
ngp2,NGP2,Camera,15,1,0.25,0.167,0.49,0.0
ngp2,NGP2,Camera,15,2,0.2,0.198,0.31,0.0
ngp2,NGP2,Camera,15,3,0.74,0.393,1.05,0.0
ngp2,NGP2,Camera,15,4,0.49,0.367,0.85,0.0
ngp2,NGP2,Camera,15,5,0.04,0.107,0.43,0.0
ngp2,NGP2,Camera,15,6,0.0,0.106,0.25,0.0
ngp2,NGP2,Camera,15,7,0.0,0.169,0.91,0.0
ngp2,NGP2,Camera,15,8,0.08,0.083,0.11,0.0
ngp2,NGP2,Camera,15,9,0.0,0.152,0.73,0.0
ngp2,NGP2,Camera,15,10,0.57,0.658,1.68,0.0
ngp2,NGP2,Camera,16,1,0.0,0.134,0.49,0.0
ngp2,NGP2,Camera,16,2,0.0,0.158,0.31,0.0
ngp2,NGP2,Camera,16,3,0.0,0.314,1.05,0.0
ngp2,NGP2,Camera,16,4,0.0,0.294,0.85,0.0
ngp2,NGP2,Camera,16,5,0.0,0.086,0.43,0.0
ngp2,NGP2,Camera,16,6,0.0,0.085,0.25,0.0
ngp2,NGP2,Camera,16,7,0.0,0.135,0.91,0.0
ngp2,NGP2,Camera,16,8,0.0,0.066,0.11,0.0
ngp2,NGP2,Camera,16,9,0.0,0.122,0.73,0.0
ngp2,NGP2,Camera,16,10,0.0,0.526,1.68,0.0
ngp2,NGP2,Camera,17,1,0.28,0.162,0.49,0.0
ngp2,NGP2,Camera,17,2,0.19,0.165,0.31,0.0
ngp2,NGP2,Camera,17,3,1.08,0.467,1.05,0.0
ngp2,NGP2,Camera,17,4,1.8,0.594,0.85,0.0
ngp2,NGP2,Camera,17,5,0.0,0.069,0.43,0.0
ngp2,NGP2,Camera,17,6,0.33,0.134,0.25,0.0
ngp2,NGP2,Camera,17,7,0.03,0.114,0.91,0.0
ngp2,NGP2,Camera,17,8,0.22,0.097,0.11,0.0
ngp2,NGP2,Camera,17,9,0.06,0.109,0.73,0.0
ngp2,NGP2,Camera,17,10,1.08,0.636,1.68,0.0
ngp2,NGP2,Camera,18,1,0.13,0.156,0.49,0.0
ngp2,NGP2,Camera,18,2,0.33,0.199,0.31,0.0
ngp2,NGP2,Camera,18,3,0.63,0.5,1.05,0.0
ngp2,NGP2,Camera,18,4,0.3,0.535,0.85,0.0
ngp2,NGP2,Camera,18,5,0.07,0.069,0.43,0.0
ngp2,NGP2,Camera,18,6,0.23,0.154,0.25,0.0
ngp2,NGP2,Camera,18,7,0.1,0.111,0.91,0.0
ngp2,NGP2,Camera,18,8,0.1,0.098,0.11,0.0
ngp2,NGP2,Camera,18,9,0.03,0.094,0.73,0.0
ngp2,NGP2,Camera,18,10,0.4,0.589,1.68,0.0
ngp2,NGP2,Camera,19,1,0.0,0.125,0.49,0.0
ngp2,NGP2,Camera,19,2,0.0,0.159,0.31,0.0
ngp2,NGP2,Camera,19,3,0.0,0.4,1.05,0.0
ngp2,NGP2,Camera,19,4,0.0,0.428,0.85,0.0
ngp2,NGP2,Camera,19,5,0.0,0.055,0.43,0.0
ngp2,NGP2,Camera,19,6,0.0,0.123,0.25,0.0
ngp2,NGP2,Camera,19,7,0.0,0.089,0.91,0.0
ngp2,NGP2,Camera,19,8,0.0,0.078,0.11,0.0
ngp2,NGP2,Camera,19,9,0.0,0.075,0.73,0.0
ngp2,NGP2,Camera,19,10,0.03,0.478,1.68,0.0
ngp2,NGP2,Camera,20,1,0.22,0.144,0.49,0.0
ngp2,NGP2,Camera,20,2,0.09,0.146,0.31,0.0
ngp2,NGP2,Camera,20,3,1.86,0.693,1.05,0.0
ngp2,NGP2,Camera,20,4,0.22,0.386,0.85,0.0
ngp2,NGP2,Camera,20,5,0.06,0.056,0.43,0.0
ngp2,NGP2,Camera,20,6,0.16,0.129,0.25,0.0
ngp2,NGP2,Camera,20,7,0.0,0.071,0.91,0.0
ngp2,NGP2,Camera,20,8,0.25,0.112,0.11,0.0
ngp2,NGP2,Camera,20,9,0.0,0.06,0.73,0.0
ngp2,NGP2,Camera,20,10,2.67,0.917,1.68,0.0
ngp2,NGP2,Camera,21,1,0.0,0.115,0.49,0.0
ngp2,NGP2,Camera,21,2,0.0,0.117,0.31,0.0
ngp2,NGP2,Camera,21,3,0.03,0.561,1.05,0.0
ngp2,NGP2,Camera,21,4,0.0,0.309,0.85,0.0
ngp2,NGP2,Camera,21,5,0.0,0.045,0.43,0.0
ngp2,NGP2,Camera,21,6,0.0,0.103,0.25,0.0
ngp2,NGP2,Camera,21,7,0.0,0.057,0.91,0.0
ngp2,NGP2,Camera,21,8,0.0,0.09,0.11,0.0
ngp2,NGP2,Camera,21,9,0.0,0.048,0.73,0.0
ngp2,NGP2,Camera,21,10,0.06,0.746,1.68,0.0
ngp2,NGP2,Camera,22,1,0.22,0.135,0.49,0.0
ngp2,NGP2,Camera,22,2,0.54,0.202,0.31,0.0
ngp2,NGP2,Camera,22,3,5.45,1.539,1.05,0.0
ngp2,NGP2,Camera,22,4,0.54,0.355,0.85,0.0
ngp2,NGP2,Camera,22,5,0.07,0.05,0.43,0.0
ngp2,NGP2,Camera,22,6,0.32,0.147,0.25,0.0
ngp2,NGP2,Camera,22,7,0.18,0.082,0.91,0.0
ngp2,NGP2,Camera,22,8,0.76,0.224,0.11,0.0
ngp2,NGP2,Camera,22,9,0.22,0.082,0.73,0.0
ngp2,NGP2,Camera,22,10,2.96,1.189,1.68,0.0
ngp2,NGP2,Camera,23,1,0.0,0.108,0.49,0.0
ngp2,NGP2,Camera,23,2,0.04,0.169,0.31,0.0
ngp2,NGP2,Camera,23,3,0.11,1.253,1.05,0.0
ngp2,NGP2,Camera,23,4,0.0,0.284,0.85,0.0
ngp2,NGP2,Camera,23,5,0.0,0.04,0.43,0.0
ngp2,NGP2,Camera,23,6,0.04,0.125,0.25,0.0
ngp2,NGP2,Camera,23,7,0.0,0.066,0.91,0.0
ngp2,NGP2,Camera,23,8,0.0,0.179,0.11,0.0
ngp2,NGP2,Camera,23,9,0.0,0.066,0.73,0.0
ngp2,NGP2,Camera,23,10,0.04,0.958,1.68,0.0
ngp2,NGP2,Camera,24,1,0.11,0.108,0.49,0.0
ngp2,NGP2,Camera,24,2,0.24,0.183,0.31,0.0
ngp2,NGP2,Camera,24,3,12.45,3.492,1.05,0.0
ngp2,NGP2,Camera,24,4,0.08,0.243,0.85,0.0
ngp2,NGP2,Camera,24,5,0.03,0.037,0.43,0.0
ngp2,NGP2,Camera,24,6,0.08,0.116,0.25,0.0
ngp2,NGP2,Camera,24,7,0.08,0.069,0.91,0.0
ngp2,NGP2,Camera,24,8,0.08,0.159,0.11,0.0
ngp2,NGP2,Camera,24,9,0.13,0.079,0.73,0.0
ngp2,NGP2,Camera,24,10,4.14,1.595,1.68,0.0
ngp2,NGP2,Camera,25,1,0.41,0.169,0.49,0.0
ngp2,NGP2,Camera,25,2,0.41,0.229,0.31,0.0
ngp2,NGP2,Camera,25,3,3.58,3.509,1.05,0.0
ngp2,NGP2,Camera,25,4,0.58,0.31,0.85,0.0
ngp2,NGP2,Camera,25,5,0.12,0.054,0.43,0.0
ngp2,NGP2,Camera,25,6,0.16,0.126,0.25,0.0
ngp2,NGP2,Camera,25,7,0.21,0.096,0.91,0.0
ngp2,NGP2,Camera,25,8,0.25,0.177,0.11,0.0
ngp2,NGP2,Camera,25,9,0.49,0.162,0.73,0.0
ngp2,NGP2,Camera,25,10,1.6,1.597,1.68,0.0
ngp2,NGP2,Camera,26,1,0.79,0.292,0.49,0.0
ngp2,NGP2,Camera,26,2,1.38,0.458,0.31,0.0
ngp2,NGP2,Camera,26,3,0.39,2.886,1.05,0.0
ngp2,NGP2,Camera,26,4,0.79,0.405,0.85,0.0
ngp2,NGP2,Camera,26,5,0.29,0.102,0.43,0.0
ngp2,NGP2,Camera,26,6,0.29,0.16,0.25,0.0
ngp2,NGP2,Camera,26,7,0.29,0.136,0.91,0.0
ngp2,NGP2,Camera,26,8,0.39,0.22,0.11,0.0
ngp2,NGP2,Camera,26,9,1.47,0.424,0.73,0.0
ngp2,NGP2,Camera,26,10,1.08,1.494,1.68,0.0
ngp2,NGP2,Camera,27,1,0.25,0.283,0.49,0.0
ngp2,NGP2,Camera,27,2,0.63,0.492,0.31,0.0
ngp2,NGP2,Camera,27,3,0.25,2.358,1.05,0.0
ngp2,NGP2,Camera,27,4,0.27,0.379,0.85,0.0
ngp2,NGP2,Camera,27,5,0.03,0.087,0.43,0.0
ngp2,NGP2,Camera,27,6,0.36,0.199,0.25,0.0
ngp2,NGP2,Camera,27,7,0.14,0.136,0.91,0.0
ngp2,NGP2,Camera,27,8,0.33,0.242,0.11,0.0
ngp2,NGP2,Camera,27,9,0.16,0.372,0.73,0.0
ngp2,NGP2,Camera,27,10,0.68,1.332,1.68,0.0
ngp2,NGP2,Camera,28,1,0.31,0.289,0.49,0.0
ngp2,NGP2,Camera,28,2,0.27,0.448,0.31,0.0
ngp2,NGP2,Camera,28,3,0.04,1.894,1.05,0.0
ngp2,NGP2,Camera,28,4,0.27,0.358,0.85,0.0
ngp2,NGP2,Camera,28,5,0.08,0.085,0.43,0.0
ngp2,NGP2,Camera,28,6,0.23,0.206,0.25,0.0
ngp2,NGP2,Camera,28,7,0.0,0.109,0.91,0.0
ngp2,NGP2,Camera,28,8,0.35,0.264,0.11,0.0
ngp2,NGP2,Camera,28,9,0.04,0.305,0.73,0.0
ngp2,NGP2,Camera,28,10,0.74,1.214,1.68,0.0
ngp2,NGP2,Camera,29,1,0.32,0.296,0.49,0.0
ngp2,NGP2,Camera,29,2,0.06,0.371,0.31,0.0
ngp2,NGP2,Camera,29,3,0.13,1.541,1.05,0.0
ngp2,NGP2,Camera,29,4,0.13,0.312,0.85,0.0
ngp2,NGP2,Camera,29,5,0.06,0.081,0.43,0.0
ngp2,NGP2,Camera,29,6,0.11,0.186,0.25,0.0
ngp2,NGP2,Camera,29,7,0.13,0.113,0.91,0.0
ngp2,NGP2,Camera,29,8,0.13,0.237,0.11,0.0
ngp2,NGP2,Camera,29,9,0.13,0.27,0.73,0.0
ngp2,NGP2,Camera,29,10,1.36,1.243,1.68,0.0
ngp2,NGP2,Vision,0,1,0.55,0.548,6.84,0.0
ngp2,NGP2,Vision,0,2,0.2,0.204,6.93,0.0
ngp2,NGP2,Vision,0,3,0.45,0.454,7.16,0.0
ngp2,NGP2,Vision,0,4,0.22,0.219,6.77,0.0
ngp2,NGP2,Vision,0,5,0.45,0.454,6.76,0.0
ngp2,NGP2,Vision,1,1,0.35,0.509,6.84,0.0
ngp2,NGP2,Vision,1,2,0.04,0.17,6.93,0.0
ngp2,NGP2,Vision,1,3,0.2,0.404,7.16,0.0
ngp2,NGP2,Vision,1,4,0.04,0.183,6.77,0.0
ngp2,NGP2,Vision,1,5,0.26,0.415,6.76,0.0
ngp2,NGP2,Vision,2,1,0.9,0.587,6.84,0.0
ngp2,NGP2,Vision,2,2,0.35,0.207,6.93,0.0
ngp2,NGP2,Vision,2,3,0.37,0.397,7.16,0.0
ngp2,NGP2,Vision,2,4,0.35,0.217,6.77,0.0
ngp2,NGP2,Vision,2,5,0.38,0.409,6.76,0.0
ngp2,NGP2,Vision,3,1,0.24,0.518,6.84,0.0
ngp2,NGP2,Vision,3,2,0.21,0.207,6.93,0.0
ngp2,NGP2,Vision,3,3,0.21,0.359,7.16,0.0
ngp2,NGP2,Vision,3,4,0.22,0.218,6.77,0.0
ngp2,NGP2,Vision,3,5,0.22,0.372,6.76,0.0
ngp2,NGP2,Vision,4,1,0.86,0.587,6.84,0.0
ngp2,NGP2,Vision,4,2,0.48,0.262,6.93,0.0
ngp2,NGP2,Vision,4,3,0.58,0.404,7.16,0.0
ngp2,NGP2,Vision,4,4,0.46,0.267,6.77,0.0
ngp2,NGP2,Vision,4,5,0.5,0.398,6.76,0.0
ngp2,NGP2,Vision,5,1,0.0,0.47,6.84,0.0
ngp2,NGP2,Vision,5,2,0.0,0.21,6.93,0.0
ngp2,NGP2,Vision,5,3,0.0,0.323,7.16,0.0
ngp2,NGP2,Vision,5,4,0.0,0.214,6.77,0.0
ngp2,NGP2,Vision,5,5,0.0,0.318,6.76,0.0
ngp2,NGP2,Vision,6,1,0.46,0.467,6.84,0.0
ngp2,NGP2,Vision,6,2,0.47,0.263,6.93,0.0
ngp2,NGP2,Vision,6,3,0.18,0.293,7.16,0.0
ngp2,NGP2,Vision,6,4,0.51,0.273,6.77,0.0
ngp2,NGP2,Vision,6,5,0.21,0.296,6.76,0.0
ngp2,NGP2,Vision,7,1,0.66,0.506,6.84,0.0
ngp2,NGP2,Vision,7,2,0.29,0.268,6.93,0.0
ngp2,NGP2,Vision,7,3,0.33,0.3,7.16,0.0
ngp2,NGP2,Vision,7,4,0.3,0.279,6.77,0.0
ngp2,NGP2,Vision,7,5,0.38,0.314,6.76,0.0
ngp2,NGP2,Vision,8,1,0.51,0.506,6.84,0.0
ngp2,NGP2,Vision,8,2,0.2,0.254,6.93,0.0
ngp2,NGP2,Vision,8,3,0.18,0.276,7.16,0.0
ngp2,NGP2,Vision,8,4,0.21,0.266,6.77,0.0
ngp2,NGP2,Vision,8,5,0.26,0.304,6.76,0.0
ngp2,NGP2,Vision,9,1,0.53,0.511,6.84,0.0
ngp2,NGP2,Vision,9,2,0.21,0.245,6.93,0.0
ngp2,NGP2,Vision,9,3,0.19,0.259,7.16,0.0
ngp2,NGP2,Vision,9,4,0.22,0.258,6.77,0.0
ngp2,NGP2,Vision,9,5,0.27,0.298,6.76,0.0
ngp2,NGP2,Vision,10,1,0.0,0.409,6.84,0.0
ngp2,NGP2,Vision,10,2,0.0,0.196,6.93,0.0
ngp2,NGP2,Vision,10,3,0.0,0.207,7.16,0.0
ngp2,NGP2,Vision,10,4,0.0,0.206,6.77,0.0
ngp2,NGP2,Vision,10,5,0.0,0.238,6.76,0.0
ngp2,NGP2,Vision,11,1,2.01,0.73,6.84,0.0
ngp2,NGP2,Vision,11,2,1.07,0.37,6.93,0.0
ngp2,NGP2,Vision,11,3,1.27,0.419,7.16,0.0
ngp2,NGP2,Vision,11,4,0.99,0.363,6.77,0.0
ngp2,NGP2,Vision,11,5,1.38,0.466,6.76,0.0
ngp2,NGP2,Vision,12,1,3.36,1.257,6.84,0.0
ngp2,NGP2,Vision,12,2,0.04,0.305,6.93,0.0
ngp2,NGP2,Vision,12,3,0.3,0.395,7.16,0.0
ngp2,NGP2,Vision,12,4,0.09,0.307,6.77,0.0
ngp2,NGP2,Vision,12,5,3.32,1.037,6.76,0.0
ngp2,NGP2,Vision,13,1,2.48,1.502,6.84,0.0
ngp2,NGP2,Vision,13,2,0.66,0.375,6.93,0.0
ngp2,NGP2,Vision,13,3,0.78,0.472,7.16,0.0
ngp2,NGP2,Vision,13,4,0.7,0.385,6.77,0.0
ngp2,NGP2,Vision,13,5,1.31,1.092,6.76,0.0
ngp2,NGP2,Vision,14,1,3.99,1.999,6.84,0.0
ngp2,NGP2,Vision,14,2,1.92,0.684,6.93,0.0
ngp2,NGP2,Vision,14,3,1.15,0.609,7.16,0.0
ngp2,NGP2,Vision,14,4,1.87,0.683,6.77,0.0
ngp2,NGP2,Vision,14,5,2.77,1.427,6.76,0.0
ngp2,NGP2,Vision,15,1,4.55,2.508,6.84,0.0
ngp2,NGP2,Vision,15,2,2.5,1.047,6.93,0.0
ngp2,NGP2,Vision,15,3,1.72,0.832,7.16,0.0
ngp2,NGP2,Vision,15,4,2.39,1.025,6.77,0.0
ngp2,NGP2,Vision,15,5,3.3,1.801,6.76,0.0
ngp2,NGP2,Vision,16,1,2.93,2.592,6.84,0.0
ngp2,NGP2,Vision,16,2,0.45,0.927,6.93,0.0
ngp2,NGP2,Vision,16,3,0.89,0.844,7.16,0.0
ngp2,NGP2,Vision,16,4,0.45,0.909,6.77,0.0
ngp2,NGP2,Vision,16,5,3.06,2.052,6.76,0.0
ngp2,NGP2,Vision,17,1,0.06,2.086,6.84,0.0
ngp2,NGP2,Vision,17,2,0.0,0.742,6.93,0.0
ngp2,NGP2,Vision,17,3,0.0,0.675,7.16,0.0
ngp2,NGP2,Vision,17,4,0.0,0.727,6.77,0.0
ngp2,NGP2,Vision,17,5,0.0,1.642,6.76,0.0
ngp2,NGP2,Vision,18,1,1.16,1.902,6.84,0.0
ngp2,NGP2,Vision,18,2,0.33,0.659,6.93,0.0
ngp2,NGP2,Vision,18,3,0.29,0.597,7.16,0.0
ngp2,NGP2,Vision,18,4,0.37,0.655,6.77,0.0
ngp2,NGP2,Vision,18,5,1.16,1.546,6.76,0.0
ngp2,NGP2,Vision,19,1,2.44,2.01,6.84,0.0
ngp2,NGP2,Vision,19,2,1.19,0.765,6.93,0.0
ngp2,NGP2,Vision,19,3,0.88,0.653,7.16,0.0
ngp2,NGP2,Vision,19,4,1.17,0.758,6.77,0.0
ngp2,NGP2,Vision,19,5,1.48,1.534,6.76,0.0
ngp2,NGP2,Vision,20,1,1.24,1.857,6.84,0.0
ngp2,NGP2,Vision,20,2,0.03,0.618,6.93,0.0
ngp2,NGP2,Vision,20,3,0.14,0.55,7.16,0.0
ngp2,NGP2,Vision,20,4,0.07,0.62,6.77,0.0
ngp2,NGP2,Vision,20,5,0.28,1.282,6.76,0.0
ngp2,NGP2,Vision,21,1,1.68,1.822,6.84,0.0
ngp2,NGP2,Vision,21,2,0.75,0.644,6.93,0.0
ngp2,NGP2,Vision,21,3,0.57,0.553,7.16,0.0
ngp2,NGP2,Vision,21,4,0.78,0.653,6.77,0.0
ngp2,NGP2,Vision,21,5,0.62,1.149,6.76,0.0
ngp2,NGP2,Vision,22,1,1.27,1.712,6.84,0.0
ngp2,NGP2,Vision,22,2,0.09,0.534,6.93,0.0
ngp2,NGP2,Vision,22,3,0.2,0.483,7.16,0.0
ngp2,NGP2,Vision,22,4,1.27,0.777,6.77,0.0
ngp2,NGP2,Vision,22,5,0.3,0.978,6.76,0.0
ngp2,NGP2,Vision,23,1,2.43,1.855,6.84,0.0
ngp2,NGP2,Vision,23,2,0.72,0.571,6.93,0.0
ngp2,NGP2,Vision,23,3,0.84,0.554,7.16,0.0
ngp2,NGP2,Vision,23,4,0.72,0.765,6.77,0.0
ngp2,NGP2,Vision,23,5,0.95,0.972,6.76,0.0
ngp2,NGP2,Vision,24,1,1.07,1.699,6.84,0.0
ngp2,NGP2,Vision,24,2,0.07,0.47,6.93,0.0
ngp2,NGP2,Vision,24,3,0.03,0.449,7.16,0.0
ngp2,NGP2,Vision,24,4,0.07,0.625,6.77,0.0
ngp2,NGP2,Vision,24,5,0.23,0.823,6.76,0.0
ngp2,NGP2,Vision,25,1,2.63,1.886,6.84,0.0
ngp2,NGP2,Vision,25,2,0.64,0.503,6.93,0.0
ngp2,NGP2,Vision,25,3,0.78,0.515,7.16,0.0
ngp2,NGP2,Vision,25,4,0.66,0.632,6.77,0.0
ngp2,NGP2,Vision,25,5,1.05,0.868,6.76,0.0
ngp2,NGP2,Vision,26,1,2.01,1.912,6.84,0.0
ngp2,NGP2,Vision,26,2,0.44,0.491,6.93,0.0
ngp2,NGP2,Vision,26,3,0.0,0.412,7.16,0.0
ngp2,NGP2,Vision,26,4,0.44,0.594,6.77,0.0
ngp2,NGP2,Vision,26,5,0.2,0.734,6.76,0.0
ngp2,NGP2,Vision,27,1,3.39,2.207,6.84,0.0
ngp2,NGP2,Vision,27,2,0.4,0.472,6.93,0.0
ngp2,NGP2,Vision,27,3,0.85,0.499,7.16,0.0
ngp2,NGP2,Vision,27,4,0.42,0.56,6.77,0.0
ngp2,NGP2,Vision,27,5,0.98,0.784,6.76,0.0
ngp2,NGP2,Vision,28,1,7.81,3.328,6.84,0.0
ngp2,NGP2,Vision,28,2,2.64,0.906,6.93,0.0
ngp2,NGP2,Vision,28,3,3.17,1.033,7.16,0.0
ngp2,NGP2,Vision,28,4,2.72,0.992,6.77,0.0
ngp2,NGP2,Vision,28,5,3.88,1.402,6.76,0.0
ngp2,NGP2,Vision,29,1,3.11,3.285,6.84,0.0
ngp2,NGP2,Vision,29,2,0.0,0.725,6.93,0.0
ngp2,NGP2,Vision,29,3,0.19,0.865,7.16,0.0
ngp2,NGP2,Vision,29,4,0.0,0.794,6.77,0.0
ngp2,NGP2,Vision,29,5,2.14,1.549,6.76,0.0
