ShiftKey,LineId,Segment,Cluster,Count,Hours,HaltedHours,StoppedHours
hu3|2026-06-13|day,hu3,web,End of Reel,8,0.79,0.0,0.79
hu3|2026-06-13|day,hu3,web,Web Torn,5,0.24,0.0,0.24
hu3|2026-06-13|day,hu3,web,Splice,4,0.13,0.0,0.13
hu3|2026-06-13|day,hu3,sealing,Sealing Head,2,0.3,0.23,0.07
hu3|2026-06-13|day,hu3,sealing,Printer,1,0.06,0.0,0.06
hu3|2026-06-13|day,hu3,handling,Gripper,8,0.17,0.0,0.17
hu3|2026-06-13|day,hu3,handling,Fork,4,0.1,0.0,0.1
hu3|2026-06-13|day,hu3,handling,Piston,1,0.05,0.0,0.05
hu3|2026-06-13|day,hu3,handling,Cylinder,1,0.02,0.0,0.02
hu3|2026-06-13|day,hu3,pneumatic,Air Pressure,6,1.57,1.54,0.03
hu3|2026-06-13|day,hu3,pneumatic,Other,2,0.58,0.55,0.03
hu3|2026-06-13|day,hu3,pneumatic,Valve on Web,3,0.17,0.0,0.17
hu3|2026-06-13|day,hu3,manual,Manual,2,0.21,0.0,0.21
hu3|2026-06-13|day,hu3,unattributed,Other,29,2.31,0.35,1.96
hu3|2026-06-13|night,hu3,web,Splice,5,0.23,0.0,0.23
hu3|2026-06-13|night,hu3,web,Web Torn,5,0.47,0.0,0.47
hu3|2026-06-13|night,hu3,web,End of Reel,5,0.57,0.0,0.57
hu3|2026-06-13|night,hu3,sealing,Printer,1,0.08,0.0,0.08
hu3|2026-06-13|night,hu3,sealing,Sealing Head,2,0.07,0.0,0.07
hu3|2026-06-13|night,hu3,sealing,Knife,1,0.16,0.0,0.16
hu3|2026-06-13|night,hu3,handling,Gripper,7,0.17,0.0,0.17
hu3|2026-06-13|night,hu3,handling,Fork,1,0.03,0.0,0.03
hu3|2026-06-13|night,hu3,pneumatic,Valve on Web,1,0.02,0.0,0.02
hu3|2026-06-13|night,hu3,pneumatic,Air Pressure,1,0.22,0.0,0.22
hu3|2026-06-13|night,hu3,manual,Manual,13,1.47,0.0,1.47
hu3|2026-06-13|night,hu3,unattributed,Other,43,3.05,0.62,2.43
hu3|2026-06-14|day,hu3,web,End of Reel,5,0.49,0.0,0.49
hu3|2026-06-14|day,hu3,web,Splice,5,0.36,0.0,0.36
hu3|2026-06-14|day,hu3,web,Web Torn,2,0.06,0.0,0.06
hu3|2026-06-14|day,hu3,sealing,Sealing Head,1,0.02,0.0,0.02
hu3|2026-06-14|day,hu3,handling,Fork,8,0.38,0.0,0.38
hu3|2026-06-14|day,hu3,handling,Gripper,6,0.11,0.0,0.11
hu3|2026-06-14|day,hu3,pneumatic,Valve on Web,3,0.04,0.0,0.04
hu3|2026-06-14|day,hu3,pneumatic,Air Pressure,2,1.92,1.92,0.0
hu3|2026-06-14|day,hu3,pneumatic,Cooling,1,0.01,0.0,0.01
hu3|2026-06-14|day,hu3,manual,Manual,8,1.04,0.0,1.04
hu3|2026-06-14|day,hu3,unattributed,Other,12,0.69,0.01,0.68
hu3|2026-06-14|night,hu3,web,End of Reel,13,1.42,0.0,1.42
hu3|2026-06-14|night,hu3,web,Splice,3,0.06,0.0,0.06
hu3|2026-06-14|night,hu3,web,Web Torn,1,0.03,0.0,0.03
hu3|2026-06-14|night,hu3,handling,Gripper,2,0.03,0.0,0.03
hu3|2026-06-14|night,hu3,handling,Fork,7,0.21,0.0,0.21
hu3|2026-06-14|night,hu3,handling,Piston,2,0.11,0.0,0.11
hu3|2026-06-14|night,hu3,pneumatic,Air Pressure,3,0.97,0.97,0.0
hu3|2026-06-14|night,hu3,pneumatic,Valve on Web,2,0.03,0.0,0.03
hu3|2026-06-14|night,hu3,manual,Manual,10,1.02,0.04,0.98
hu3|2026-06-14|night,hu3,unattributed,Other,7,0.63,0.4,0.23
hu3|2026-06-15|day,hu3,web,End of Reel,12,1.21,0.0,1.21
hu3|2026-06-15|day,hu3,web,Splice,5,0.09,0.0,0.09
hu3|2026-06-15|day,hu3,web,Web Torn,1,0.05,0.0,0.05
hu3|2026-06-15|day,hu3,sealing,Knife,1,0.04,0.0,0.04
hu3|2026-06-15|day,hu3,sealing,Sealing Head,5,1.25,0.0,1.25
hu3|2026-06-15|day,hu3,sealing,Printer,2,0.13,0.0,0.13
hu3|2026-06-15|day,hu3,handling,Gripper,4,0.06,0.0,0.06
hu3|2026-06-15|day,hu3,handling,Fork,12,0.19,0.0,0.19
hu3|2026-06-15|day,hu3,pneumatic,Valve on Web,2,0.03,0.0,0.03
hu3|2026-06-15|day,hu3,pneumatic,Air Pressure,2,0.25,0.08,0.17
hu3|2026-06-15|day,hu3,manual,Manual,2,0.09,0.0,0.09
hu3|2026-06-15|day,hu3,unattributed,Other,11,0.64,0.09,0.56
hu3|2026-06-15|night,hu3,web,Web Torn,4,0.2,0.0,0.2
hu3|2026-06-15|night,hu3,web,End of Reel,10,0.89,0.06,0.83
hu3|2026-06-15|night,hu3,web,Splice,4,0.06,0.0,0.06
hu3|2026-06-15|night,hu3,handling,Gripper,9,0.24,0.0,0.24
hu3|2026-06-15|night,hu3,handling,Fork,8,0.27,0.0,0.27
hu3|2026-06-15|night,hu3,handling,Piston,1,0.01,0.0,0.01
hu3|2026-06-15|night,hu3,handling,Cylinder,2,0.14,0.0,0.14
hu3|2026-06-15|night,hu3,pneumatic,Other,2,0.02,0.0,0.02
hu3|2026-06-15|night,hu3,pneumatic,Valve on Web,3,0.07,0.0,0.07
hu3|2026-06-15|night,hu3,pneumatic,Air Pressure,2,0.15,0.15,0.0
hu3|2026-06-15|night,hu3,pneumatic,Cooling,1,0.01,0.0,0.01
hu3|2026-06-15|night,hu3,manual,Manual,8,0.67,0.0,0.67
hu3|2026-06-15|night,hu3,unattributed,Other,22,1.49,0.08,1.41
hu3|2026-06-16|day,hu3,web,End of Reel,9,0.78,0.0,0.78
hu3|2026-06-16|day,hu3,web,Web Torn,3,0.11,0.0,0.11
hu3|2026-06-16|day,hu3,web,Splice,4,0.05,0.0,0.05
hu3|2026-06-16|day,hu3,sealing,Sealing Head,1,0.01,0.0,0.01
hu3|2026-06-16|day,hu3,handling,Piston,3,0.03,0.0,0.03
hu3|2026-06-16|day,hu3,handling,Fork,14,0.11,0.0,0.11
hu3|2026-06-16|day,hu3,handling,Gripper,26,0.31,0.0,0.31
hu3|2026-06-16|day,hu3,handling,Cylinder,5,0.25,0.0,0.25
hu3|2026-06-16|day,hu3,pneumatic,Air Pressure,5,1.35,1.33,0.02
hu3|2026-06-16|day,hu3,pneumatic,Valve on Web,14,0.15,0.0,0.15
hu3|2026-06-16|day,hu3,pneumatic,Other,2,0.04,0.0,0.04
hu3|2026-06-16|day,hu3,pneumatic,Cooling,4,0.04,0.0,0.04
hu3|2026-06-16|day,hu3,manual,Manual,3,0.38,0.0,0.38
hu3|2026-06-16|day,hu3,unattributed,Other,28,0.58,0.0,0.58
hu3|2026-06-16|night,hu3,web,Splice,5,0.11,0.0,0.11
hu3|2026-06-16|night,hu3,web,End of Reel,4,0.35,0.0,0.35
hu3|2026-06-16|night,hu3,web,Web Torn,3,0.27,0.0,0.27
hu3|2026-06-16|night,hu3,sealing,Sealing Head,2,0.05,0.0,0.05
hu3|2026-06-16|night,hu3,sealing,Printer,1,0.05,0.0,0.05
hu3|2026-06-16|night,hu3,handling,Fork,9,0.29,0.0,0.29
hu3|2026-06-16|night,hu3,handling,Gripper,17,0.44,0.0,0.44
hu3|2026-06-16|night,hu3,pneumatic,Valve on Web,22,0.42,0.0,0.42
hu3|2026-06-16|night,hu3,pneumatic,Air Pressure,2,0.28,0.12,0.16
hu3|2026-06-16|night,hu3,pneumatic,Cooling,5,0.07,0.0,0.07
hu3|2026-06-16|night,hu3,pneumatic,Other,1,0.09,0.0,0.09
hu3|2026-06-16|night,hu3,manual,Manual,6,0.88,0.0,0.88
hu3|2026-06-16|night,hu3,unattributed,Other,11,0.89,0.01,0.87
hu3|2026-06-17|day,hu3,web,End of Reel,1,0.1,0.0,0.1
hu3|2026-06-17|day,hu3,web,Splice,3,0.21,0.0,0.21
hu3|2026-06-17|day,hu3,web,Web Torn,1,0.02,0.0,0.02
hu3|2026-06-17|day,hu3,sealing,Printer,1,0.06,0.0,0.06
hu3|2026-06-17|day,hu3,sealing,Sealing Head,1,0.04,0.0,0.04
hu3|2026-06-17|day,hu3,handling,Gripper,5,0.1,0.0,0.1
hu3|2026-06-17|day,hu3,pneumatic,Valve on Web,20,0.37,0.08,0.29
hu3|2026-06-17|day,hu3,pneumatic,Air Pressure,4,0.49,0.49,0.0
hu3|2026-06-17|day,hu3,manual,Manual,8,2.13,0.43,1.69
hu3|2026-06-17|day,hu3,unattributed,Other,20,3.47,0.06,3.41
hu3|2026-06-17|night,hu3,web,Web Torn,2,0.03,0.0,0.03
hu3|2026-06-17|night,hu3,web,End of Reel,9,0.67,0.0,0.67
hu3|2026-06-17|night,hu3,web,Splice,5,0.08,0.0,0.08
hu3|2026-06-17|night,hu3,sealing,Sealing Head,4,0.83,0.0,0.83
hu3|2026-06-17|night,hu3,sealing,Knife,1,0.12,0.0,0.12
hu3|2026-06-17|night,hu3,handling,Gripper,15,0.51,0.0,0.51
hu3|2026-06-17|night,hu3,handling,Piston,3,0.4,0.0,0.4
hu3|2026-06-17|night,hu3,handling,Fork,1,0.01,0.0,0.01
hu3|2026-06-17|night,hu3,handling,Cylinder,1,0.81,0.0,0.81
hu3|2026-06-17|night,hu3,pneumatic,Valve on Web,21,0.28,0.0,0.28
hu3|2026-06-17|night,hu3,pneumatic,Air Pressure,4,0.15,0.06,0.09
hu3|2026-06-17|night,hu3,pneumatic,Cooling,2,0.04,0.0,0.04
hu3|2026-06-17|night,hu3,manual,Manual,4,0.39,0.0,0.39
hu3|2026-06-17|night,hu3,unattributed,Other,30,1.03,0.39,0.64
hu3|2026-06-18|day,hu3,web,Splice,4,0.19,0.0,0.19
hu3|2026-06-18|day,hu3,web,Web Torn,6,0.19,0.0,0.19
hu3|2026-06-18|day,hu3,web,End of Reel,1,1.78,0.0,1.78
hu3|2026-06-18|day,hu3,sealing,Sealing Head,5,0.18,0.0,0.18
hu3|2026-06-18|day,hu3,handling,Gripper,4,0.09,0.0,0.09
hu3|2026-06-18|day,hu3,handling,Piston,4,0.04,0.0,0.04
hu3|2026-06-18|day,hu3,pneumatic,Valve on Web,13,0.33,0.0,0.33
hu3|2026-06-18|day,hu3,pneumatic,Other,1,0.03,0.0,0.03
hu3|2026-06-18|day,hu3,pneumatic,Air Pressure,3,0.11,0.08,0.04
hu3|2026-06-18|day,hu3,manual,Manual,21,2.43,0.0,2.43
hu3|2026-06-18|day,hu3,unattributed,Other,24,2.47,0.02,2.45
hu3|2026-06-18|night,hu3,web,End of Reel,9,0.73,0.01,0.72
hu3|2026-06-18|night,hu3,web,Web Torn,1,0.08,0.0,0.08
hu3|2026-06-18|night,hu3,web,Splice,2,0.11,0.0,0.11
hu3|2026-06-18|night,hu3,sealing,Sealing Head,1,0.03,0.0,0.03
hu3|2026-06-18|night,hu3,sealing,Printer,1,0.08,0.0,0.08
hu3|2026-06-18|night,hu3,handling,Gripper,5,0.12,0.0,0.12
hu3|2026-06-18|night,hu3,handling,Cylinder,1,0.06,0.0,0.06
hu3|2026-06-18|night,hu3,pneumatic,Valve on Web,5,0.19,0.0,0.19
hu3|2026-06-18|night,hu3,pneumatic,Cooling,5,0.05,0.0,0.05
hu3|2026-06-18|night,hu3,pneumatic,Air Pressure,2,0.23,0.23,0.0
hu3|2026-06-18|night,hu3,manual,Manual,10,0.79,0.0,0.79
hu3|2026-06-18|night,hu3,unattributed,Other,14,0.98,0.46,0.51
hu3|2026-06-19|day,hu3,web,End of Reel,5,0.68,0.0,0.68
hu3|2026-06-19|day,hu3,web,Web Torn,2,0.05,0.0,0.05
hu3|2026-06-19|day,hu3,web,Splice,2,0.06,0.0,0.06
hu3|2026-06-19|day,hu3,sealing,Sealing Head,2,0.45,0.0,0.45
hu3|2026-06-19|day,hu3,handling,Cylinder,2,0.37,0.0,0.37
hu3|2026-06-19|day,hu3,handling,Gripper,4,0.21,0.0,0.21
hu3|2026-06-19|day,hu3,handling,Piston,1,0.01,0.0,0.01
hu3|2026-06-19|day,hu3,pneumatic,Valve on Web,2,0.02,0.0,0.02
hu3|2026-06-19|day,hu3,pneumatic,Air Pressure,3,0.09,0.09,0.0
hu3|2026-06-19|day,hu3,manual,Manual,8,4.82,0.0,4.82
hu3|2026-06-19|day,hu3,unattributed,Other,16,1.27,0.81,0.46
hu3|2026-06-19|night,hu3,web,End of Reel,11,0.91,0.03,0.88
hu3|2026-06-19|night,hu3,web,Web Torn,2,0.13,0.0,0.13
hu3|2026-06-19|night,hu3,web,Splice,3,0.04,0.0,0.04
hu3|2026-06-19|night,hu3,sealing,Printer,1,0.13,0.0,0.13
hu3|2026-06-19|night,hu3,sealing,Sealing Head,2,0.07,0.0,0.07
hu3|2026-06-19|night,hu3,handling,Cylinder,1,0.13,0.0,0.13
hu3|2026-06-19|night,hu3,handling,Gripper,20,0.51,0.0,0.51
hu3|2026-06-19|night,hu3,pneumatic,Cooling,3,0.06,0.0,0.06
hu3|2026-06-19|night,hu3,pneumatic,Valve on Web,2,0.04,0.0,0.04
hu3|2026-06-19|night,hu3,manual,Manual,10,0.36,0.08,0.29
hu3|2026-06-19|night,hu3,unattributed,Other,27,1.04,0.05,0.98
hu3|2026-07-08|day,hu3,web,Splice,7,0.11,0.0,0.11
hu3|2026-07-08|day,hu3,web,End of Reel,5,0.75,0.0,0.75
hu3|2026-07-08|day,hu3,web,Web Torn,2,0.21,0.0,0.21
hu3|2026-07-08|day,hu3,sealing,Sealing Head,2,0.05,0.0,0.05
hu3|2026-07-08|day,hu3,sealing,Printer,1,0.08,0.0,0.08
hu3|2026-07-08|day,hu3,handling,Fork,6,0.18,0.0,0.18
hu3|2026-07-08|day,hu3,handling,Gripper,12,0.24,0.0,0.24
hu3|2026-07-08|day,hu3,pneumatic,Air Pressure,1,0.02,0.0,0.02
hu3|2026-07-08|day,hu3,pneumatic,Valve on Web,2,0.03,0.0,0.03
hu3|2026-07-08|day,hu3,pneumatic,Cooling,3,0.04,0.0,0.04
hu3|2026-07-08|day,hu3,manual,Manual,5,3.23,0.0,3.23
hu3|2026-07-08|day,hu3,unattributed,Other,21,0.96,0.15,0.82
hu3|2026-07-08|night,hu3,web,End of Reel,6,0.68,0.0,0.68
hu3|2026-07-08|night,hu3,web,Splice,2,0.08,0.0,0.08
hu3|2026-07-08|night,hu3,web,Web Torn,2,0.02,0.0,0.02
hu3|2026-07-08|night,hu3,sealing,Sealing Head,2,0.04,0.0,0.04
hu3|2026-07-08|night,hu3,handling,Fork,2,0.11,0.0,0.11
hu3|2026-07-08|night,hu3,handling,Gripper,9,0.22,0.0,0.22
hu3|2026-07-08|night,hu3,handling,Cylinder,1,0.05,0.0,0.05
hu3|2026-07-08|night,hu3,handling,Other,1,0.69,0.0,0.69
hu3|2026-07-08|night,hu3,pneumatic,Air Pressure,5,0.12,0.07,0.05
hu3|2026-07-08|night,hu3,pneumatic,Cooling,2,0.03,0.0,0.03
hu3|2026-07-08|night,hu3,pneumatic,Other,1,0.02,0.0,0.02
hu3|2026-07-08|night,hu3,manual,Manual,8,1.09,0.0,1.09
hu3|2026-07-08|night,hu3,unattributed,Other,26,2.69,0.03,2.66
hu3|2026-07-09|day,hu3,web,Splice,6,0.36,0.0,0.36
hu3|2026-07-09|day,hu3,web,End of Reel,5,0.36,0.0,0.36
hu3|2026-07-09|day,hu3,web,Web Torn,1,0.01,0.0,0.01
hu3|2026-07-09|day,hu3,sealing,Knife,2,0.08,0.0,0.08
hu3|2026-07-09|day,hu3,handling,Gripper,9,0.29,0.0,0.29
hu3|2026-07-09|day,hu3,handling,Fork,18,0.61,0.0,0.61
hu3|2026-07-09|day,hu3,handling,Other,1,0.05,0.0,0.05
hu3|2026-07-09|day,hu3,pneumatic,Air Pressure,2,0.04,0.01,0.03
hu3|2026-07-09|day,hu3,pneumatic,Valve on Web,1,0.01,0.0,0.01
hu3|2026-07-09|day,hu3,manual,Manual,3,0.39,0.0,0.39
hu3|2026-07-09|day,hu3,unattributed,Other,37,2.24,0.41,1.83
hu3|2026-07-09|night,hu3,web,Splice,6,0.71,0.0,0.71
hu3|2026-07-09|night,hu3,web,End of Reel,6,0.44,0.0,0.44
hu3|2026-07-09|night,hu3,web,Web Torn,4,0.17,0.0,0.17
hu3|2026-07-09|night,hu3,sealing,Sealing Head,1,0.01,0.0,0.01
hu3|2026-07-09|night,hu3,sealing,Printer,1,0.07,0.0,0.07
hu3|2026-07-09|night,hu3,handling,Gripper,26,0.52,0.0,0.52
hu3|2026-07-09|night,hu3,handling,Fork,16,0.42,0.0,0.42
hu3|2026-07-09|night,hu3,handling,Cylinder,1,0.06,0.0,0.06
hu3|2026-07-09|night,hu3,pneumatic,Cooling,2,0.01,0.0,0.01
hu3|2026-07-09|night,hu3,pneumatic,Valve on Web,2,0.03,0.0,0.03
hu3|2026-07-09|night,hu3,pneumatic,Air Pressure,3,0.15,0.15,0.0
hu3|2026-07-09|night,hu3,manual,Manual,5,0.73,0.0,0.73
hu3|2026-07-09|night,hu3,unattributed,Other,28,1.19,0.0,1.19
hu3|2026-07-10|day,hu3,web,End of Reel,7,0.59,0.0,0.59
hu3|2026-07-10|day,hu3,web,Web Torn,5,0.24,0.0,0.24
hu3|2026-07-10|day,hu3,web,Splice,4,0.08,0.0,0.08
hu3|2026-07-10|day,hu3,sealing,Sealing Head,3,0.36,0.31,0.05
hu3|2026-07-10|day,hu3,sealing,Printer,1,0.07,0.0,0.07
hu3|2026-07-10|day,hu3,sealing,Knife,1,0.03,0.0,0.03
hu3|2026-07-10|day,hu3,handling,Gripper,29,0.42,0.0,0.42
hu3|2026-07-10|day,hu3,handling,Fork,2,0.01,0.0,0.01
hu3|2026-07-10|day,hu3,handling,Cylinder,1,0.06,0.0,0.06
hu3|2026-07-10|day,hu3,handling,Piston,1,0.23,0.0,0.23
hu3|2026-07-10|day,hu3,pneumatic,Air Pressure,4,1.01,0.7,0.3
hu3|2026-07-10|day,hu3,pneumatic,Valve on Web,9,0.19,0.0,0.19
hu3|2026-07-10|day,hu3,manual,Manual,7,0.17,0.0,0.17
hu3|2026-07-10|day,hu3,unattributed,Other,25,0.71,0.02,0.69
hu3|2026-07-10|night,hu3,web,Splice,6,0.62,0.0,0.62
hu3|2026-07-10|night,hu3,web,End of Reel,4,0.84,0.0,0.84
hu3|2026-07-10|night,hu3,web,Web Torn,2,0.25,0.0,0.25
hu3|2026-07-10|night,hu3,sealing,Sealing Head,2,0.03,0.02,0.01
hu3|2026-07-10|night,hu3,handling,Gripper,15,0.52,0.0,0.52
hu3|2026-07-10|night,hu3,handling,Fork,2,0.08,0.0,0.08
hu3|2026-07-10|night,hu3,pneumatic,Valve on Web,4,0.35,0.0,0.35
hu3|2026-07-10|night,hu3,pneumatic,Air Pressure,1,0.38,0.38,0.0
hu3|2026-07-10|night,hu3,manual,Manual,6,0.57,0.0,0.57
hu3|2026-07-10|night,hu3,unattributed,Other,22,1.46,0.01,1.46
hu3|2026-07-11|day,hu3,web,End of Reel,12,1.28,0.03,1.25
hu3|2026-07-11|day,hu3,web,Splice,7,0.17,0.0,0.17
hu3|2026-07-11|day,hu3,web,Web Torn,1,0.03,0.0,0.03
hu3|2026-07-11|day,hu3,sealing,Sealing Head,1,0.03,0.0,0.03
hu3|2026-07-11|day,hu3,sealing,Printer,1,0.03,0.0,0.03
hu3|2026-07-11|day,hu3,handling,Fork,10,0.25,0.0,0.25
hu3|2026-07-11|day,hu3,handling,Gripper,11,0.27,0.0,0.27
hu3|2026-07-11|day,hu3,handling,Cylinder,1,0.03,0.0,0.03
hu3|2026-07-11|day,hu3,pneumatic,Valve on Web,5,0.29,0.0,0.29
hu3|2026-07-11|day,hu3,pneumatic,Cooling,1,0.07,0.0,0.07
hu3|2026-07-11|day,hu3,manual,Manual,3,0.13,0.0,0.13
hu3|2026-07-11|day,hu3,unattributed,Other,24,0.71,0.18,0.53
hu3|2026-07-11|night,hu3,web,End of Reel,6,0.65,0.0,0.65
hu3|2026-07-11|night,hu3,web,Splice,13,0.28,0.0,0.28
hu3|2026-07-11|night,hu3,web,Web Torn,4,0.09,0.0,0.09
hu3|2026-07-11|night,hu3,sealing,Sealing Head,2,0.17,0.0,0.17
hu3|2026-07-11|night,hu3,sealing,Knife,2,0.05,0.0,0.05
hu3|2026-07-11|night,hu3,handling,Gripper,19,0.49,0.0,0.49
hu3|2026-07-11|night,hu3,handling,Fork,2,0.02,0.0,0.02
hu3|2026-07-11|night,hu3,pneumatic,Valve on Web,8,0.07,0.0,0.07
hu3|2026-07-11|night,hu3,pneumatic,Other,1,0.39,0.0,0.39
hu3|2026-07-11|night,hu3,pneumatic,Cooling,2,0.02,0.0,0.02
hu3|2026-07-11|night,hu3,manual,Manual,7,0.35,0.02,0.33
hu3|2026-07-11|night,hu3,unattributed,Other,34,1.38,0.31,1.06
hu3|2026-07-12|day,hu3,web,End of Reel,10,0.91,0.0,0.91
hu3|2026-07-12|day,hu3,web,Splice,3,0.12,0.0,0.12
hu3|2026-07-12|day,hu3,web,Web Torn,2,0.08,0.0,0.08
hu3|2026-07-12|day,hu3,sealing,Sealing Head,3,0.19,0.0,0.19
hu3|2026-07-12|day,hu3,handling,Gripper,24,0.57,0.0,0.57
hu3|2026-07-12|day,hu3,handling,Piston,3,0.04,0.0,0.04
hu3|2026-07-12|day,hu3,handling,Cylinder,1,0.08,0.0,0.08
hu3|2026-07-12|day,hu3,handling,Fork,4,0.07,0.0,0.07
hu3|2026-07-12|day,hu3,pneumatic,Valve on Web,38,0.68,0.0,0.68
hu3|2026-07-12|day,hu3,pneumatic,Other,1,0.02,0.0,0.02
hu3|2026-07-12|day,hu3,pneumatic,Air Pressure,1,0.33,0.33,0.0
hu3|2026-07-12|day,hu3,manual,Manual,7,0.32,0.0,0.32
hu3|2026-07-12|day,hu3,unattributed,Other,40,1.22,0.21,1.01
hu3|2026-07-12|night,hu3,web,End of Reel,11,1.19,0.0,1.19
hu3|2026-07-12|night,hu3,web,Splice,12,0.19,0.0,0.19
hu3|2026-07-12|night,hu3,handling,Gripper,24,0.47,0.0,0.47
hu3|2026-07-12|night,hu3,handling,Fork,8,0.05,0.0,0.05
hu3|2026-07-12|night,hu3,handling,Cylinder,1,0.14,0.0,0.14
hu3|2026-07-12|night,hu3,pneumatic,Valve on Web,4,0.04,0.0,0.04
hu3|2026-07-12|night,hu3,pneumatic,Air Pressure,8,0.29,0.26,0.03
hu3|2026-07-12|night,hu3,pneumatic,Other,1,0.03,0.0,0.03
hu3|2026-07-12|night,hu3,pneumatic,Cooling,1,0.01,0.0,0.01
hu3|2026-07-12|night,hu3,manual,Manual,4,0.52,0.0,0.52
hu3|2026-07-12|night,hu3,unattributed,Other,23,0.61,0.07,0.55
hu3|2026-07-13|day,hu3,web,Splice,4,0.26,0.0,0.26
hu3|2026-07-13|day,hu3,web,End of Reel,1,0.13,0.0,0.13
hu3|2026-07-13|day,hu3,sealing,Sealing Head,5,0.45,0.0,0.45
hu3|2026-07-13|day,hu3,sealing,Printer,1,0.11,0.0,0.11
hu3|2026-07-13|day,hu3,sealing,Knife,3,0.08,0.0,0.08
hu3|2026-07-13|day,hu3,handling,Gripper,23,1.25,0.0,1.25
hu3|2026-07-13|day,hu3,handling,Fork,7,0.58,0.0,0.58
hu3|2026-07-13|day,hu3,pneumatic,Air Pressure,2,0.06,0.06,0.0
hu3|2026-07-13|day,hu3,pneumatic,Valve on Web,4,0.04,0.0,0.04
hu3|2026-07-13|day,hu3,manual,Manual,8,1.16,0.0,1.16
hu3|2026-07-13|day,hu3,unattributed,Other,26,3.71,0.52,3.19
hu3|2026-07-13|night,hu3,web,End of Reel,6,1.31,0.0,1.31
hu3|2026-07-13|night,hu3,web,Web Torn,3,0.22,0.0,0.22
hu3|2026-07-13|night,hu3,web,Splice,7,0.12,0.0,0.12
hu3|2026-07-13|night,hu3,sealing,Sealing Head,5,0.35,0.03,0.32
hu3|2026-07-13|night,hu3,sealing,Knife,3,0.09,0.0,0.09
hu3|2026-07-13|night,hu3,handling,Gripper,19,0.54,0.0,0.54
hu3|2026-07-13|night,hu3,handling,Fork,23,0.75,0.0,0.75
hu3|2026-07-13|night,hu3,handling,Cylinder,1,0.01,0.0,0.01
hu3|2026-07-13|night,hu3,pneumatic,Valve on Web,2,0.02,0.0,0.02
hu3|2026-07-13|night,hu3,pneumatic,Air Pressure,2,1.13,1.13,0.0
hu3|2026-07-13|night,hu3,manual,Manual,8,0.19,0.0,0.19
hu3|2026-07-13|night,hu3,unattributed,Other,39,1.18,0.34,0.83
hu3|2026-07-14|day,hu3,web,Web Torn,1,0.09,0.0,0.09
hu3|2026-07-14|day,hu3,web,End of Reel,3,0.38,0.0,0.38
hu3|2026-07-14|day,hu3,web,Other,2,1.49,0.0,1.49
hu3|2026-07-14|day,hu3,sealing,Other,1,0.31,0.31,0.0
hu3|2026-07-14|day,hu3,handling,Fork,11,0.36,0.0,0.36
hu3|2026-07-14|day,hu3,handling,Gripper,14,0.92,0.0,0.92
hu3|2026-07-14|day,hu3,pneumatic,Air Pressure,2,1.89,1.45,0.44
hu3|2026-07-14|day,hu3,pneumatic,Cooling,1,0.16,0.0,0.16
hu3|2026-07-14|day,hu3,manual,Manual,7,2.84,0.99,1.85
hu3|2026-07-14|day,hu3,unattributed,Other,9,0.52,0.34,0.18
hu3|2026-07-14|night,hu3,web,Web Torn,1,0.07,0.0,0.07
hu3|2026-07-14|night,hu3,web,Splice,2,0.18,0.0,0.18
hu3|2026-07-14|night,hu3,web,End of Reel,1,0.03,0.03,0.0
hu3|2026-07-14|night,hu3,sealing,Knife,14,1.2,0.0,1.2
hu3|2026-07-14|night,hu3,sealing,Printer,1,0.39,0.0,0.39
hu3|2026-07-14|night,hu3,handling,Gripper,2,0.05,0.0,0.05
hu3|2026-07-14|night,hu3,handling,Fork,3,0.29,0.0,0.29
hu3|2026-07-14|night,hu3,pneumatic,Air Pressure,1,0.03,0.03,0.0
hu3|2026-07-14|night,hu3,pneumatic,Valve on Web,1,0.03,0.0,0.03
hu3|2026-07-14|night,hu3,manual,Manual,3,6.29,0.0,6.29
hu3|2026-07-14|night,hu3,unattributed,Other,17,1.94,0.17,1.77
ngp2|2026-05-29|day,ngp2,hydration,PMK / Media,2,0.12,0.09,0.02
ngp2|2026-05-29|day,ngp2,hydration,Catheter Reject,3,0.68,0.65,0.03
ngp2|2026-05-29|day,ngp2,hydration,Gripper,3,0.09,0.09,0.0
ngp2|2026-05-29|day,ngp2,hydration,Limit Switch,22,1.03,0.98,0.05
ngp2|2026-05-29|day,ngp2,hydration,Cap,5,0.17,0.17,0.0
ngp2|2026-05-29|day,ngp2,hydration,Timing,4,0.67,0.55,0.12
ngp2|2026-05-29|day,ngp2,hydration,Other,5,0.25,0.25,0.0
ngp2|2026-05-29|day,ngp2,foil,Detection Fault,17,0.62,0.15,0.46
ngp2|2026-05-29|day,ngp2,foil,Sealing Lane,15,0.39,0.0,0.39
ngp2|2026-05-29|day,ngp2,foil,Printer,4,1.27,1.18,0.1
ngp2|2026-05-29|day,ngp2,foil,Other,4,0.46,0.44,0.02
ngp2|2026-05-29|day,ngp2,foil,Labeler,1,0.12,0.12,0.0
ngp2|2026-05-29|day,ngp2,foil,Positioning,1,0.02,0.0,0.02
ngp2|2026-05-29|day,ngp2,schubert,Line Stop / Wait,9,0.65,0.0,0.65
ngp2|2026-05-29|day,ngp2,manual,Manual,2,0.37,0.35,0.02
ngp2|2026-05-29|day,ngp2,unattributed,Other,3,0.11,0.0,0.11
ngp2|2026-05-29|night,ngp2,hydration,Limit Switch,31,1.82,1.8,0.02
ngp2|2026-05-29|night,ngp2,hydration,Other,11,0.52,0.52,0.0
ngp2|2026-05-29|night,ngp2,hydration,Cap,17,0.83,0.8,0.04
ngp2|2026-05-29|night,ngp2,hydration,Catheter Reject,3,0.07,0.07,0.0
ngp2|2026-05-29|night,ngp2,hydration,Gripper,2,0.23,0.23,0.0
ngp2|2026-05-29|night,ngp2,hydration,PMK / Media,1,0.27,0.27,0.0
ngp2|2026-05-29|night,ngp2,foil,Detection Fault,15,0.44,0.0,0.44
ngp2|2026-05-29|night,ngp2,foil,Other,4,0.18,0.16,0.02
ngp2|2026-05-29|night,ngp2,foil,Printer,8,0.4,0.25,0.15
ngp2|2026-05-29|night,ngp2,foil,Labeler,1,0.15,0.15,0.0
ngp2|2026-05-29|night,ngp2,foil,Positioning,2,0.04,0.0,0.04
ngp2|2026-05-29|night,ngp2,foil,Sealing Lane,13,0.42,0.0,0.42
ngp2|2026-05-29|night,ngp2,schubert,Line Stop / Wait,8,0.27,0.0,0.27
ngp2|2026-05-29|night,ngp2,unattributed,Other,6,1.14,0.0,1.14
ngp2|2026-05-30|day,ngp2,hydration,PMK / Media,2,1.0,0.96,0.04
ngp2|2026-05-30|day,ngp2,hydration,Other,6,0.51,0.51,0.0
ngp2|2026-05-30|day,ngp2,hydration,Limit Switch,1,0.07,0.07,0.0
ngp2|2026-05-30|day,ngp2,hydration,Foam,1,0.02,0.02,0.0
ngp2|2026-05-30|day,ngp2,hydration,Catheter Reject,3,0.08,0.08,0.0
ngp2|2026-05-30|day,ngp2,hydration,Cap,1,0.09,0.09,0.0
ngp2|2026-05-30|day,ngp2,hydration,Timing,1,0.02,0.02,0.0
ngp2|2026-05-30|day,ngp2,foil,Edge Trim,1,0.09,0.09,0.0
ngp2|2026-05-30|day,ngp2,foil,Detection Fault,33,0.9,0.0,0.9
ngp2|2026-05-30|day,ngp2,foil,Sealing Lane,4,0.15,0.0,0.15
ngp2|2026-05-30|day,ngp2,foil,Labeler,1,0.19,0.19,0.0
ngp2|2026-05-30|day,ngp2,foil,Printer,4,0.15,0.04,0.11
ngp2|2026-05-30|day,ngp2,foil,Positioning,5,0.13,0.0,0.13
ngp2|2026-05-30|day,ngp2,schubert,Line Stop / Wait,31,1.66,0.0,1.66
ngp2|2026-05-30|day,ngp2,manual,Manual,2,0.23,0.0,0.23
ngp2|2026-05-30|day,ngp2,unattributed,Other,12,0.31,0.0,0.31
ngp2|2026-05-30|night,ngp2,hydration,Timing,1,0.05,0.0,0.05
ngp2|2026-05-30|night,ngp2,hydration,Catheter Reject,1,0.06,0.06,0.0
ngp2|2026-05-30|night,ngp2,hydration,Limit Switch,3,0.09,0.09,0.0
ngp2|2026-05-30|night,ngp2,hydration,PMK / Media,2,0.32,0.13,0.19
ngp2|2026-05-30|night,ngp2,hydration,Gripper,2,0.29,0.29,0.0
ngp2|2026-05-30|night,ngp2,hydration,Other,2,0.06,0.06,0.0
ngp2|2026-05-30|night,ngp2,foil,Detection Fault,42,1.61,0.0,1.61
ngp2|2026-05-30|night,ngp2,foil,Sealing Lane,7,0.19,0.0,0.19
ngp2|2026-05-30|night,ngp2,foil,Positioning,11,0.17,0.0,0.17
ngp2|2026-05-30|night,ngp2,foil,Other,2,0.08,0.04,0.04
ngp2|2026-05-30|night,ngp2,foil,Printer,3,0.16,0.13,0.03
ngp2|2026-05-30|night,ngp2,foil,Labeler,4,0.34,0.17,0.17
ngp2|2026-05-30|night,ngp2,foil,Edge Trim,1,0.03,0.03,0.0
ngp2|2026-05-30|night,ngp2,schubert,Line Stop / Wait,23,0.72,0.0,0.72
ngp2|2026-05-30|night,ngp2,manual,Manual,1,0.18,0.0,0.18
ngp2|2026-05-30|night,ngp2,unattributed,Other,12,0.33,0.02,0.31
ngp2|2026-05-31|day,ngp2,hydration,PMK / Media,1,0.01,0.0,0.01
ngp2|2026-05-31|day,ngp2,hydration,Gripper,7,0.57,0.55,0.02
ngp2|2026-05-31|day,ngp2,hydration,Limit Switch,6,0.47,0.47,0.0
ngp2|2026-05-31|day,ngp2,hydration,Cap,1,0.03,0.03,0.0
ngp2|2026-05-31|day,ngp2,hydration,Catheter Reject,5,0.17,0.17,0.0
ngp2|2026-05-31|day,ngp2,hydration,Other,1,0.05,0.05,0.0
ngp2|2026-05-31|day,ngp2,foil,Detection Fault,48,1.31,0.0,1.31
ngp2|2026-05-31|day,ngp2,foil,Sealing Lane,5,0.24,0.0,0.24
ngp2|2026-05-31|day,ngp2,foil,Positioning,6,0.18,0.0,0.18
ngp2|2026-05-31|day,ngp2,foil,Labeler,6,0.28,0.24,0.04
ngp2|2026-05-31|day,ngp2,foil,Printer,4,0.23,0.15,0.08
ngp2|2026-05-31|day,ngp2,foil,Other,8,0.39,0.13,0.26
ngp2|2026-05-31|day,ngp2,foil,Edge Trim,7,0.5,0.31,0.19
ngp2|2026-05-31|day,ngp2,schubert,Line Stop / Wait,14,0.97,0.15,0.83
ngp2|2026-05-31|day,ngp2,manual,Manual,8,0.55,0.17,0.38
ngp2|2026-05-31|day,ngp2,unattributed,Other,8,0.24,0.03,0.22
ngp2|2026-05-31|night,ngp2,hydration,Gripper,5,0.1,0.1,0.0
ngp2|2026-05-31|night,ngp2,hydration,Catheter Reject,3,0.06,0.06,0.0
ngp2|2026-05-31|night,ngp2,hydration,Other,2,0.32,0.3,0.01
ngp2|2026-05-31|night,ngp2,hydration,Limit Switch,3,0.07,0.07,0.0
ngp2|2026-05-31|night,ngp2,hydration,PMK / Media,1,0.25,0.25,0.0
ngp2|2026-05-31|night,ngp2,foil,Printer,12,0.62,0.1,0.51
ngp2|2026-05-31|night,ngp2,foil,Detection Fault,34,0.86,0.0,0.86
ngp2|2026-05-31|night,ngp2,foil,Labeler,3,0.33,0.3,0.03
ngp2|2026-05-31|night,ngp2,foil,Other,3,0.08,0.06,0.02
ngp2|2026-05-31|night,ngp2,foil,Edge Trim,1,0.03,0.03,0.0
ngp2|2026-05-31|night,ngp2,foil,Sealing Lane,7,0.11,0.0,0.11
ngp2|2026-05-31|night,ngp2,foil,Positioning,9,0.2,0.0,0.2
ngp2|2026-05-31|night,ngp2,schubert,Line Stop / Wait,22,0.61,0.0,0.61
ngp2|2026-05-31|night,ngp2,manual,Manual,2,0.19,0.0,0.19
ngp2|2026-05-31|night,ngp2,unattributed,Other,8,0.32,0.07,0.25
ngp2|2026-06-01|day,ngp2,hydration,PMK / Media,1,0.04,0.0,0.04
ngp2|2026-06-01|day,ngp2,hydration,Gripper,15,0.59,0.58,0.01
ngp2|2026-06-01|day,ngp2,hydration,Limit Switch,7,0.14,0.14,0.0
ngp2|2026-06-01|day,ngp2,hydration,Catheter Reject,5,0.16,0.16,0.0
ngp2|2026-06-01|day,ngp2,hydration,Other,2,0.04,0.04,0.0
ngp2|2026-06-01|day,ngp2,foil,Detection Fault,15,0.58,0.0,0.58
ngp2|2026-06-01|day,ngp2,foil,Positioning,3,0.05,0.0,0.05
ngp2|2026-06-01|day,ngp2,foil,Other,2,0.12,0.12,0.0
ngp2|2026-06-01|day,ngp2,foil,Sealing Lane,6,0.15,0.0,0.15
ngp2|2026-06-01|day,ngp2,foil,Printer,3,0.1,0.02,0.08
ngp2|2026-06-01|day,ngp2,foil,Edge Trim,2,0.38,0.38,0.0
ngp2|2026-06-01|day,ngp2,foil,Labeler,1,0.1,0.1,0.0
ngp2|2026-06-01|day,ngp2,schubert,Line Stop / Wait,22,0.8,0.0,0.8
ngp2|2026-06-01|day,ngp2,manual,Manual,5,0.65,0.0,0.65
ngp2|2026-06-01|day,ngp2,unattributed,Other,8,0.62,0.0,0.62
ngp2|2026-06-01|night,ngp2,hydration,Timing,1,0.01,0.0,0.01
ngp2|2026-06-01|night,ngp2,hydration,Catheter Reject,9,0.2,0.16,0.04
ngp2|2026-06-01|night,ngp2,hydration,Gripper,14,1.69,1.69,0.0
ngp2|2026-06-01|night,ngp2,hydration,Other,1,0.3,0.3,0.0
ngp2|2026-06-01|night,ngp2,hydration,Limit Switch,10,0.57,0.57,0.0
ngp2|2026-06-01|night,ngp2,hydration,Cap,1,0.02,0.02,0.0
ngp2|2026-06-01|night,ngp2,hydration,PMK / Media,2,0.2,0.17,0.02
ngp2|2026-06-01|night,ngp2,foil,Sealing Lane,9,0.26,0.0,0.26
ngp2|2026-06-01|night,ngp2,foil,Positioning,5,0.08,0.0,0.08
ngp2|2026-06-01|night,ngp2,foil,Detection Fault,18,0.46,0.0,0.46
ngp2|2026-06-01|night,ngp2,foil,Printer,5,0.2,0.17,0.03
ngp2|2026-06-01|night,ngp2,foil,Other,5,0.17,0.11,0.07
ngp2|2026-06-01|night,ngp2,foil,Labeler,1,0.03,0.03,0.0
ngp2|2026-06-01|night,ngp2,schubert,Line Stop / Wait,24,0.96,0.0,0.96
ngp2|2026-06-01|night,ngp2,unattributed,Other,4,0.11,0.0,0.11
ngp2|2026-06-02|day,ngp2,hydration,Gripper,9,0.19,0.19,0.0
ngp2|2026-06-02|day,ngp2,hydration,Catheter Reject,13,0.29,0.29,0.0
ngp2|2026-06-02|day,ngp2,hydration,Cap,5,0.16,0.16,0.0
ngp2|2026-06-02|day,ngp2,hydration,Limit Switch,1,0.02,0.02,0.0
ngp2|2026-06-02|day,ngp2,hydration,Other,4,0.33,0.33,0.0
ngp2|2026-06-02|day,ngp2,hydration,PMK / Media,2,0.94,0.81,0.13
ngp2|2026-06-02|day,ngp2,foil,Sealing Lane,17,0.4,0.0,0.4
ngp2|2026-06-02|day,ngp2,foil,Detection Fault,10,0.37,0.0,0.37
ngp2|2026-06-02|day,ngp2,foil,Printer,4,0.38,0.24,0.13
ngp2|2026-06-02|day,ngp2,foil,Labeler,5,0.37,0.19,0.18
ngp2|2026-06-02|day,ngp2,foil,Other,3,0.09,0.08,0.01
ngp2|2026-06-02|day,ngp2,foil,Positioning,1,0.02,0.0,0.02
ngp2|2026-06-02|day,ngp2,schubert,Line Stop / Wait,16,0.6,0.0,0.6
ngp2|2026-06-02|day,ngp2,manual,Manual,4,0.23,0.12,0.11
ngp2|2026-06-02|day,ngp2,unattributed,Other,5,0.08,0.0,0.08
ngp2|2026-06-02|night,ngp2,hydration,Limit Switch,4,0.16,0.15,0.02
ngp2|2026-06-02|night,ngp2,hydration,Gripper,14,0.44,0.44,0.0
ngp2|2026-06-02|night,ngp2,hydration,Catheter Reject,8,0.22,0.16,0.06
ngp2|2026-06-02|night,ngp2,hydration,Timing,1,0.01,0.01,0.0
ngp2|2026-06-02|night,ngp2,hydration,Cap,1,0.02,0.02,0.0
ngp2|2026-06-02|night,ngp2,hydration,PMK / Media,1,0.22,0.22,0.0
ngp2|2026-06-02|night,ngp2,foil,Detection Fault,27,1.03,0.0,1.03
ngp2|2026-06-02|night,ngp2,foil,Printer,9,0.4,0.05,0.35
ngp2|2026-06-02|night,ngp2,foil,Labeler,10,0.65,0.31,0.35
ngp2|2026-06-02|night,ngp2,foil,Positioning,1,0.02,0.0,0.02
ngp2|2026-06-02|night,ngp2,foil,Other,5,0.24,0.1,0.14
ngp2|2026-06-02|night,ngp2,foil,Sealing Lane,7,0.15,0.0,0.15
ngp2|2026-06-02|night,ngp2,schubert,Line Stop / Wait,20,0.9,0.0,0.9
ngp2|2026-06-02|night,ngp2,manual,Manual,2,0.06,0.0,0.06
ngp2|2026-06-02|night,ngp2,unattributed,Other,5,0.14,0.0,0.14
ngp2|2026-06-03|day,ngp2,hydration,PMK / Media,1,0.07,0.0,0.07
ngp2|2026-06-03|day,ngp2,hydration,Timing,1,0.04,0.0,0.04
ngp2|2026-06-03|day,ngp2,hydration,Gripper,9,0.41,0.39,0.01
ngp2|2026-06-03|day,ngp2,hydration,Limit Switch,3,0.08,0.08,0.0
ngp2|2026-06-03|day,ngp2,hydration,Catheter Reject,4,0.12,0.12,0.0
ngp2|2026-06-03|day,ngp2,foil,Other,8,0.21,0.16,0.05
ngp2|2026-06-03|day,ngp2,foil,Detection Fault,14,0.56,0.05,0.51
ngp2|2026-06-03|day,ngp2,foil,Positioning,5,0.13,0.0,0.13
ngp2|2026-06-03|day,ngp2,foil,Labeler,4,0.45,0.45,0.0
ngp2|2026-06-03|day,ngp2,foil,Printer,8,0.41,0.24,0.17
ngp2|2026-06-03|day,ngp2,foil,Sealing Lane,9,0.22,0.0,0.22
ngp2|2026-06-03|day,ngp2,schubert,Line Stop / Wait,25,0.95,0.0,0.95
ngp2|2026-06-03|day,ngp2,manual,Manual,4,0.14,0.0,0.14
ngp2|2026-06-03|day,ngp2,unattributed,Other,5,0.23,0.0,0.23
ngp2|2026-06-03|night,ngp2,hydration,Other,3,0.29,0.23,0.07
ngp2|2026-06-03|night,ngp2,hydration,Cap,1,0.02,0.02,0.0
ngp2|2026-06-03|night,ngp2,hydration,Catheter Reject,5,0.15,0.15,0.0
ngp2|2026-06-03|night,ngp2,hydration,Gripper,9,0.18,0.15,0.02
ngp2|2026-06-03|night,ngp2,hydration,Limit Switch,3,0.07,0.05,0.02
ngp2|2026-06-03|night,ngp2,hydration,PMK / Media,1,0.17,0.17,0.0
ngp2|2026-06-03|night,ngp2,foil,Other,9,0.66,0.56,0.09
ngp2|2026-06-03|night,ngp2,foil,Detection Fault,10,0.29,0.0,0.29
ngp2|2026-06-03|night,ngp2,foil,Sealing Lane,14,0.34,0.0,0.34
ngp2|2026-06-03|night,ngp2,foil,Printer,3,0.5,0.5,0.0
ngp2|2026-06-03|night,ngp2,foil,Positioning,2,0.03,0.0,0.03
ngp2|2026-06-03|night,ngp2,foil,Labeler,4,0.21,0.09,0.12
ngp2|2026-06-03|night,ngp2,schubert,Line Stop / Wait,14,0.68,0.0,0.68
ngp2|2026-06-03|night,ngp2,manual,Manual,4,0.77,0.62,0.16
ngp2|2026-06-03|night,ngp2,unattributed,Other,3,0.06,0.0,0.06
ngp2|2026-06-04|day,ngp2,hydration,PMK / Media,1,0.04,0.0,0.04
ngp2|2026-06-04|day,ngp2,hydration,Gripper,13,0.89,0.89,0.0
ngp2|2026-06-04|day,ngp2,hydration,Catheter Reject,5,0.17,0.13,0.04
ngp2|2026-06-04|day,ngp2,hydration,Limit Switch,10,0.39,0.39,0.0
ngp2|2026-06-04|day,ngp2,hydration,Cap,2,0.09,0.09,0.0
ngp2|2026-06-04|day,ngp2,foil,Other,3,0.12,0.01,0.11
ngp2|2026-06-04|day,ngp2,foil,Detection Fault,4,0.12,0.0,0.12
ngp2|2026-06-04|day,ngp2,foil,Printer,7,0.68,0.59,0.1
ngp2|2026-06-04|day,ngp2,foil,Labeler,1,0.09,0.09,0.0
ngp2|2026-06-04|day,ngp2,foil,Positioning,1,0.02,0.0,0.02
ngp2|2026-06-04|day,ngp2,foil,Sealing Lane,6,0.2,0.0,0.2
ngp2|2026-06-04|day,ngp2,schubert,Line Stop / Wait,18,1.54,0.0,1.54
ngp2|2026-06-04|day,ngp2,manual,Manual,1,0.27,0.0,0.27
ngp2|2026-06-04|day,ngp2,unattributed,Other,3,0.47,0.0,0.47
ngp2|2026-06-04|night,ngp2,hydration,Cap,4,0.16,0.16,0.0
ngp2|2026-06-04|night,ngp2,hydration,Limit Switch,10,0.25,0.24,0.01
ngp2|2026-06-04|night,ngp2,hydration,Gripper,9,0.21,0.18,0.03
ngp2|2026-06-04|night,ngp2,hydration,Catheter Reject,9,0.21,0.13,0.07
ngp2|2026-06-04|night,ngp2,hydration,Other,1,0.02,0.02,0.0
ngp2|2026-06-04|night,ngp2,hydration,PMK / Media,1,0.17,0.17,0.0
ngp2|2026-06-04|night,ngp2,foil,Sealing Lane,15,0.27,0.0,0.27
ngp2|2026-06-04|night,ngp2,foil,Other,7,0.29,0.22,0.06
ngp2|2026-06-04|night,ngp2,foil,Positioning,2,0.03,0.0,0.03
ngp2|2026-06-04|night,ngp2,foil,Printer,6,0.2,0.11,0.09
ngp2|2026-06-04|night,ngp2,foil,Labeler,3,0.21,0.21,0.0
ngp2|2026-06-04|night,ngp2,foil,Detection Fault,2,0.04,0.0,0.04
ngp2|2026-06-04|night,ngp2,schubert,Line Stop / Wait,14,0.33,0.0,0.33
ngp2|2026-06-04|night,ngp2,manual,Manual,1,0.01,0.0,0.01
ngp2|2026-06-04|night,ngp2,unattributed,Other,2,0.05,0.02,0.02
ngp2|2026-06-13|day,ngp2,hydration,Other,4,3.46,3.46,0.0
ngp2|2026-06-13|day,ngp2,hydration,Cap,1,0.03,0.03,0.0
ngp2|2026-06-13|day,ngp2,hydration,Limit Switch,3,0.08,0.08,0.0
ngp2|2026-06-13|day,ngp2,hydration,Gripper,3,0.1,0.07,0.04
ngp2|2026-06-13|day,ngp2,hydration,PMK / Media,1,0.17,0.17,0.0
ngp2|2026-06-13|day,ngp2,foil,Detection Fault,4,0.13,0.0,0.13
ngp2|2026-06-13|day,ngp2,foil,Other,9,0.26,0.17,0.09
ngp2|2026-06-13|day,ngp2,foil,Sealing Lane,10,0.21,0.0,0.21
ngp2|2026-06-13|day,ngp2,foil,Printer,3,1.68,0.57,1.11
ngp2|2026-06-13|day,ngp2,foil,Positioning,2,0.02,0.0,0.02
ngp2|2026-06-13|day,ngp2,foil,Edge Trim,1,0.05,0.05,0.0
ngp2|2026-06-13|day,ngp2,schubert,Line Stop / Wait,6,0.24,0.0,0.24
ngp2|2026-06-13|day,ngp2,manual,Manual,2,0.06,0.0,0.06
ngp2|2026-06-13|day,ngp2,unattributed,Other,4,0.38,0.3,0.08
ngp2|2026-06-13|night,ngp2,hydration,Limit Switch,6,0.17,0.17,0.0
ngp2|2026-06-13|night,ngp2,hydration,Cap,3,0.07,0.07,0.0
ngp2|2026-06-13|night,ngp2,hydration,Catheter Reject,1,0.05,0.05,0.0
ngp2|2026-06-13|night,ngp2,hydration,PMK / Media,1,0.62,0.62,0.0
ngp2|2026-06-13|night,ngp2,foil,Detection Fault,8,0.33,0.0,0.33
ngp2|2026-06-13|night,ngp2,foil,Other,14,1.17,0.43,0.74
ngp2|2026-06-13|night,ngp2,foil,Positioning,1,0.02,0.0,0.02
ngp2|2026-06-13|night,ngp2,foil,Labeler,10,0.87,0.35,0.51
ngp2|2026-06-13|night,ngp2,foil,Sealing Lane,15,0.61,0.0,0.61
ngp2|2026-06-13|night,ngp2,foil,Printer,3,0.2,0.16,0.04
ngp2|2026-06-13|night,ngp2,foil,Edge Trim,1,0.1,0.1,0.0
ngp2|2026-06-13|night,ngp2,schubert,Line Stop / Wait,12,0.61,0.04,0.57
ngp2|2026-06-13|night,ngp2,manual,Manual,5,0.74,0.0,0.74
ngp2|2026-06-13|night,ngp2,unattributed,Other,6,0.22,0.0,0.22
ngp2|2026-06-14|day,ngp2,hydration,PMK / Media,1,0.18,0.18,0.0
ngp2|2026-06-14|day,ngp2,hydration,Catheter Reject,24,0.87,0.83,0.04
ngp2|2026-06-14|day,ngp2,hydration,Gripper,9,0.27,0.25,0.01
ngp2|2026-06-14|day,ngp2,hydration,Other,9,0.37,0.36,0.01
ngp2|2026-06-14|day,ngp2,hydration,Cover,4,0.21,0.21,0.0
ngp2|2026-06-14|day,ngp2,hydration,Cap,18,0.71,0.6,0.11
ngp2|2026-06-14|day,ngp2,hydration,Limit Switch,11,0.41,0.37,0.05
ngp2|2026-06-14|day,ngp2,hydration,Timing,1,0.05,0.05,0.0
ngp2|2026-06-14|day,ngp2,foil,Other,9,0.23,0.14,0.09
ngp2|2026-06-14|day,ngp2,foil,Edge Trim,2,0.07,0.07,0.0
ngp2|2026-06-14|day,ngp2,foil,Detection Fault,20,0.58,0.06,0.52
ngp2|2026-06-14|day,ngp2,foil,Sealing Lane,10,0.22,0.0,0.22
ngp2|2026-06-14|day,ngp2,foil,Labeler,6,0.37,0.3,0.06
ngp2|2026-06-14|day,ngp2,foil,Printer,6,0.22,0.17,0.05
ngp2|2026-06-14|day,ngp2,foil,Positioning,1,0.02,0.0,0.02
ngp2|2026-06-14|day,ngp2,schubert,Line Stop / Wait,8,0.41,0.0,0.41
ngp2|2026-06-14|day,ngp2,manual,Manual,5,0.23,0.0,0.23
ngp2|2026-06-14|day,ngp2,unattributed,Other,5,0.1,0.0,0.1
ngp2|2026-06-14|night,ngp2,hydration,Cap,17,0.75,0.75,0.0
ngp2|2026-06-14|night,ngp2,hydration,Other,5,0.48,0.48,0.0
ngp2|2026-06-14|night,ngp2,hydration,Catheter Reject,17,0.59,0.59,0.0
ngp2|2026-06-14|night,ngp2,hydration,Limit Switch,6,0.22,0.22,0.0
ngp2|2026-06-14|night,ngp2,hydration,Gripper,4,0.18,0.18,0.0
ngp2|2026-06-14|night,ngp2,hydration,PMK / Media,1,0.19,0.19,0.0
ngp2|2026-06-14|night,ngp2,foil,Detection Fault,34,1.49,0.06,1.43
ngp2|2026-06-14|night,ngp2,foil,Other,8,0.46,0.44,0.02
ngp2|2026-06-14|night,ngp2,foil,Positioning,4,0.15,0.0,0.15
ngp2|2026-06-14|night,ngp2,foil,Labeler,2,0.15,0.15,0.0
ngp2|2026-06-14|night,ngp2,foil,Printer,4,0.23,0.16,0.07
ngp2|2026-06-14|night,ngp2,foil,Sealing Lane,5,0.12,0.0,0.12
ngp2|2026-06-14|night,ngp2,schubert,Line Stop / Wait,12,0.35,0.0,0.35
ngp2|2026-06-14|night,ngp2,manual,Manual,1,0.09,0.0,0.09
ngp2|2026-06-14|night,ngp2,unattributed,Other,6,0.21,0.0,0.21
ngp2|2026-06-15|day,ngp2,hydration,PMK / Media,1,0.0,0.0,0.0
ngp2|2026-06-15|day,ngp2,hydration,Other,6,0.31,0.19,0.12
ngp2|2026-06-15|day,ngp2,hydration,Cap,15,0.59,0.56,0.03
ngp2|2026-06-15|day,ngp2,hydration,Catheter Reject,1,0.02,0.0,0.02
ngp2|2026-06-15|day,ngp2,hydration,Gripper,5,0.39,0.39,0.0
ngp2|2026-06-15|day,ngp2,hydration,Limit Switch,3,0.07,0.07,0.0
ngp2|2026-06-15|day,ngp2,hydration,Timing,2,0.07,0.07,0.0
ngp2|2026-06-15|day,ngp2,foil,Detection Fault,33,1.24,0.0,1.24
ngp2|2026-06-15|day,ngp2,foil,Other,13,0.65,0.39,0.27
ngp2|2026-06-15|day,ngp2,foil,Labeler,3,0.26,0.11,0.15
ngp2|2026-06-15|day,ngp2,foil,Sealing Lane,7,0.15,0.0,0.15
ngp2|2026-06-15|day,ngp2,foil,Printer,3,0.11,0.04,0.07
ngp2|2026-06-15|day,ngp2,foil,Positioning,3,0.06,0.0,0.06
ngp2|2026-06-15|day,ngp2,schubert,Line Stop / Wait,13,0.34,0.0,0.34
ngp2|2026-06-15|day,ngp2,unattributed,Other,7,0.2,0.0,0.2
ngp2|2026-06-15|night,ngp2,hydration,Gripper,5,0.16,0.16,0.0
ngp2|2026-06-15|night,ngp2,hydration,Cap,12,0.44,0.42,0.03
ngp2|2026-06-15|night,ngp2,hydration,Catheter Reject,8,0.38,0.38,0.0
ngp2|2026-06-15|night,ngp2,hydration,Limit Switch,1,0.02,0.02,0.0
ngp2|2026-06-15|night,ngp2,hydration,Other,3,0.29,0.29,0.0
ngp2|2026-06-15|night,ngp2,hydration,Timing,1,0.14,0.14,0.0
ngp2|2026-06-15|night,ngp2,hydration,PMK / Media,1,0.48,0.0,0.48
ngp2|2026-06-15|night,ngp2,foil,Other,13,0.63,0.51,0.11
ngp2|2026-06-15|night,ngp2,foil,Sealing Lane,7,0.13,0.0,0.13
ngp2|2026-06-15|night,ngp2,foil,Detection Fault,38,1.25,0.0,1.25
ngp2|2026-06-15|night,ngp2,foil,Printer,10,0.57,0.29,0.28
ngp2|2026-06-15|night,ngp2,foil,Positioning,7,0.14,0.0,0.14
ngp2|2026-06-15|night,ngp2,foil,Labeler,8,0.62,0.33,0.29
ngp2|2026-06-15|night,ngp2,schubert,Line Stop / Wait,14,0.48,0.0,0.48
ngp2|2026-06-15|night,ngp2,manual,Manual,6,0.48,0.0,0.48
ngp2|2026-06-15|night,ngp2,unattributed,Other,5,0.15,0.0,0.15
ngp2|2026-06-16|day,ngp2,hydration,PMK / Media,1,0.04,0.0,0.04
ngp2|2026-06-16|day,ngp2,hydration,Cap,38,1.27,1.09,0.18
ngp2|2026-06-16|day,ngp2,hydration,Catheter Reject,4,0.15,0.11,0.04
ngp2|2026-06-16|day,ngp2,hydration,Other,9,1.01,1.01,0.0
ngp2|2026-06-16|day,ngp2,hydration,Gripper,13,0.55,0.55,0.0
ngp2|2026-06-16|day,ngp2,hydration,Timing,3,0.61,0.61,0.0
ngp2|2026-06-16|day,ngp2,hydration,Limit Switch,7,0.3,0.3,0.0
ngp2|2026-06-16|day,ngp2,hydration,Cover,2,0.08,0.08,0.0
ngp2|2026-06-16|day,ngp2,foil,Detection Fault,17,0.49,0.0,0.49
ngp2|2026-06-16|day,ngp2,foil,Positioning,8,0.41,0.0,0.41
ngp2|2026-06-16|day,ngp2,foil,Other,8,0.56,0.15,0.42
ngp2|2026-06-16|day,ngp2,foil,Printer,4,0.15,0.11,0.04
ngp2|2026-06-16|day,ngp2,foil,Edge Trim,3,0.14,0.14,0.0
ngp2|2026-06-16|day,ngp2,foil,Labeler,1,0.2,0.2,0.0
ngp2|2026-06-16|day,ngp2,schubert,Line Stop / Wait,17,0.87,0.0,0.87
ngp2|2026-06-16|day,ngp2,manual,Manual,3,0.13,0.0,0.13
ngp2|2026-06-16|day,ngp2,unattributed,Other,5,0.15,0.07,0.07
ngp2|2026-06-16|night,ngp2,hydration,Cap,32,0.89,0.89,0.0
ngp2|2026-06-16|night,ngp2,hydration,Gripper,12,0.46,0.46,0.0
ngp2|2026-06-16|night,ngp2,hydration,Catheter Reject,8,0.17,0.17,0.0
ngp2|2026-06-16|night,ngp2,hydration,Other,7,0.2,0.2,0.0
ngp2|2026-06-16|night,ngp2,hydration,Limit Switch,13,0.29,0.29,0.0
ngp2|2026-06-16|night,ngp2,hydration,Timing,1,0.04,0.04,0.0
ngp2|2026-06-16|night,ngp2,hydration,PMK / Media,1,0.27,0.27,0.0
ngp2|2026-06-16|night,ngp2,foil,Other,5,0.18,0.08,0.1
ngp2|2026-06-16|night,ngp2,foil,Printer,8,0.53,0.42,0.11
ngp2|2026-06-16|night,ngp2,foil,Detection Fault,1,0.02,0.0,0.02
ngp2|2026-06-16|night,ngp2,foil,Edge Trim,2,0.28,0.19,0.09
ngp2|2026-06-16|night,ngp2,foil,Labeler,6,0.59,0.44,0.15
ngp2|2026-06-16|night,ngp2,foil,Positioning,1,0.01,0.0,0.01
ngp2|2026-06-16|night,ngp2,foil,Sealing Lane,1,0.03,0.0,0.03
ngp2|2026-06-16|night,ngp2,schubert,Line Stop / Wait,13,0.92,0.0,0.92
ngp2|2026-06-16|night,ngp2,manual,Manual,1,0.11,0.0,0.11
ngp2|2026-06-16|night,ngp2,unattributed,Other,6,0.16,0.0,0.16
ngp2|2026-06-17|day,ngp2,hydration,PMK / Media,2,0.38,0.36,0.02
ngp2|2026-06-17|day,ngp2,hydration,Gripper,9,0.39,0.39,0.0
ngp2|2026-06-17|day,ngp2,hydration,Catheter Reject,4,0.33,0.33,0.0
ngp2|2026-06-17|day,ngp2,hydration,Cap,20,0.56,0.51,0.05
ngp2|2026-06-17|day,ngp2,hydration,Limit Switch,15,0.35,0.34,0.01
ngp2|2026-06-17|day,ngp2,hydration,Timing,3,1.38,1.38,0.0
ngp2|2026-06-17|day,ngp2,hydration,Other,2,0.2,0.2,0.0
ngp2|2026-06-17|day,ngp2,foil,Printer,6,0.22,0.12,0.11
ngp2|2026-06-17|day,ngp2,foil,Sealing Lane,2,0.04,0.0,0.04
ngp2|2026-06-17|day,ngp2,foil,Detection Fault,1,0.02,0.0,0.02
ngp2|2026-06-17|day,ngp2,foil,Other,3,0.37,0.35,0.02
ngp2|2026-06-17|day,ngp2,foil,Labeler,8,0.55,0.11,0.45
ngp2|2026-06-17|day,ngp2,schubert,Line Stop / Wait,7,0.21,0.0,0.21
ngp2|2026-06-17|day,ngp2,manual,Manual,6,1.13,0.0,1.13
ngp2|2026-06-17|day,ngp2,unattributed,Other,1,0.04,0.0,0.04
ngp2|2026-06-17|night,ngp2,hydration,Cap,20,0.98,0.92,0.06
ngp2|2026-06-17|night,ngp2,hydration,Gripper,9,0.37,0.37,0.0
ngp2|2026-06-17|night,ngp2,hydration,Limit Switch,5,0.17,0.17,0.0
ngp2|2026-06-17|night,ngp2,hydration,Other,3,0.09,0.09,0.0
ngp2|2026-06-17|night,ngp2,hydration,Catheter Reject,5,0.15,0.15,0.0
ngp2|2026-06-17|night,ngp2,hydration,Timing,2,0.09,0.09,0.0
ngp2|2026-06-17|night,ngp2,foil,Labeler,17,1.26,0.06,1.2
ngp2|2026-06-17|night,ngp2,foil,Other,7,0.43,0.14,0.29
ngp2|2026-06-17|night,ngp2,foil,Sealing Lane,18,0.58,0.0,0.58
ngp2|2026-06-17|night,ngp2,foil,Printer,10,0.51,0.37,0.14
ngp2|2026-06-17|night,ngp2,foil,Positioning,1,0.1,0.0,0.1
ngp2|2026-06-17|night,ngp2,foil,Edge Trim,3,0.08,0.05,0.03
ngp2|2026-06-17|night,ngp2,schubert,Line Stop / Wait,30,0.97,0.0,0.97
ngp2|2026-06-17|night,ngp2,manual,Manual,8,0.44,0.0,0.44
ngp2|2026-06-17|night,ngp2,unattributed,Other,11,0.54,0.16,0.38
ngp2|2026-06-18|day,ngp2,hydration,Limit Switch,3,0.06,0.05,0.01
ngp2|2026-06-18|day,ngp2,hydration,Gripper,14,0.42,0.42,0.0
ngp2|2026-06-18|day,ngp2,hydration,Other,1,0.03,0.03,0.0
ngp2|2026-06-18|day,ngp2,hydration,Cap,18,0.83,0.81,0.02
ngp2|2026-06-18|day,ngp2,hydration,Catheter Reject,8,1.31,1.31,0.0
ngp2|2026-06-18|day,ngp2,hydration,PMK / Media,1,0.07,0.07,0.0
ngp2|2026-06-18|day,ngp2,foil,Labeler,2,0.16,0.12,0.04
ngp2|2026-06-18|day,ngp2,foil,Edge Trim,3,0.13,0.11,0.02
ngp2|2026-06-18|day,ngp2,foil,Printer,4,0.26,0.0,0.26
ngp2|2026-06-18|day,ngp2,foil,Other,9,0.75,0.55,0.19
ngp2|2026-06-18|day,ngp2,foil,Sealing Lane,8,0.17,0.0,0.17
ngp2|2026-06-18|day,ngp2,foil,Detection Fault,6,0.35,0.0,0.35
ngp2|2026-06-18|day,ngp2,foil,Positioning,1,0.05,0.0,0.05
ngp2|2026-06-18|day,ngp2,schubert,Line Stop / Wait,25,0.85,0.04,0.81
ngp2|2026-06-18|day,ngp2,manual,Manual,3,0.1,0.04,0.06
ngp2|2026-06-18|day,ngp2,unattributed,Other,5,0.17,0.04,0.13
ngp2|2026-06-18|night,ngp2,hydration,Cap,18,0.72,0.59,0.13
ngp2|2026-06-18|night,ngp2,hydration,Catheter Reject,8,0.22,0.22,0.0
ngp2|2026-06-18|night,ngp2,hydration,Timing,3,0.14,0.14,0.0
ngp2|2026-06-18|night,ngp2,hydration,Gripper,10,0.45,0.45,0.0
ngp2|2026-06-18|night,ngp2,hydration,Other,4,0.11,0.11,0.0
ngp2|2026-06-18|night,ngp2,hydration,Limit Switch,18,0.45,0.42,0.02
ngp2|2026-06-18|night,ngp2,hydration,PMK / Media,1,0.22,0.22,0.0
ngp2|2026-06-18|night,ngp2,foil,Printer,9,0.38,0.15,0.23
ngp2|2026-06-18|night,ngp2,foil,Other,5,0.17,0.13,0.04
ngp2|2026-06-18|night,ngp2,foil,Sealing Lane,9,0.33,0.0,0.33
ngp2|2026-06-18|night,ngp2,schubert,Line Stop / Wait,29,0.98,0.0,0.98
ngp2|2026-06-18|night,ngp2,manual,Manual,1,0.03,0.0,0.03
ngp2|2026-06-18|night,ngp2,unattributed,Other,13,0.3,0.0,0.3
ngp2|2026-06-19|day,ngp2,hydration,PMK / Media,1,0.06,0.0,0.06
ngp2|2026-06-19|day,ngp2,hydration,Cap,17,0.73,0.73,0.0
ngp2|2026-06-19|day,ngp2,hydration,Other,1,0.03,0.03,0.0
ngp2|2026-06-19|day,ngp2,hydration,Timing,1,0.03,0.03,0.0
ngp2|2026-06-19|day,ngp2,hydration,Limit Switch,19,1.12,1.12,0.0
ngp2|2026-06-19|day,ngp2,hydration,Gripper,15,0.6,0.6,0.0
ngp2|2026-06-19|day,ngp2,hydration,Catheter Reject,4,0.21,0.21,0.0
ngp2|2026-06-19|day,ngp2,foil,Other,2,0.06,0.0,0.06
ngp2|2026-06-19|day,ngp2,foil,Sealing Lane,4,0.13,0.0,0.13
ngp2|2026-06-19|day,ngp2,foil,Labeler,2,0.3,0.3,0.0
ngp2|2026-06-19|day,ngp2,foil,Detection Fault,3,0.08,0.0,0.08
ngp2|2026-06-19|day,ngp2,foil,Printer,2,0.15,0.11,0.04
ngp2|2026-06-19|day,ngp2,foil,Edge Trim,1,0.02,0.0,0.02
ngp2|2026-06-19|day,ngp2,schubert,Line Stop / Wait,36,1.82,0.0,1.82
ngp2|2026-06-19|day,ngp2,manual,Manual,3,0.14,0.0,0.14
ngp2|2026-06-19|day,ngp2,unattributed,Other,5,0.19,0.0,0.19
ngp2|2026-06-19|night,ngp2,hydration,Limit Switch,16,0.93,0.91,0.02
ngp2|2026-06-19|night,ngp2,hydration,Cap,11,0.38,0.38,0.0
ngp2|2026-06-19|night,ngp2,hydration,Other,2,0.1,0.09,0.01
ngp2|2026-06-19|night,ngp2,hydration,Timing,2,0.19,0.19,0.0
ngp2|2026-06-19|night,ngp2,hydration,Gripper,6,0.23,0.23,0.0
ngp2|2026-06-19|night,ngp2,hydration,Catheter Reject,1,0.04,0.04,0.0
ngp2|2026-06-19|night,ngp2,hydration,PMK / Media,1,0.2,0.2,0.0
ngp2|2026-06-19|night,ngp2,foil,Detection Fault,1,0.02,0.0,0.02
ngp2|2026-06-19|night,ngp2,foil,Printer,5,0.38,0.32,0.06
ngp2|2026-06-19|night,ngp2,foil,Edge Trim,1,0.02,0.0,0.02
ngp2|2026-06-19|night,ngp2,foil,Sealing Lane,3,0.05,0.0,0.05
ngp2|2026-06-19|night,ngp2,foil,Labeler,1,0.14,0.14,0.0
ngp2|2026-06-19|night,ngp2,foil,Other,1,0.02,0.0,0.02
ngp2|2026-06-19|night,ngp2,schubert,Line Stop / Wait,26,1.6,0.0,1.6
ngp2|2026-06-19|night,ngp2,manual,Manual,1,0.09,0.0,0.09
ngp2|2026-06-19|night,ngp2,unattributed,Other,7,0.24,0.04,0.2
ngp2|2026-07-08|day,ngp2,hydration,PMK / Media,1,0.02,0.0,0.02
ngp2|2026-07-08|day,ngp2,hydration,Cap,18,1.1,0.93,0.17
ngp2|2026-07-08|day,ngp2,hydration,Gripper,10,0.67,0.67,0.0
ngp2|2026-07-08|day,ngp2,hydration,Catheter Reject,2,0.04,0.04,0.0
ngp2|2026-07-08|day,ngp2,hydration,Limit Switch,7,0.28,0.28,0.0
ngp2|2026-07-08|day,ngp2,hydration,Other,6,0.37,0.36,0.01
ngp2|2026-07-08|day,ngp2,hydration,Cover,2,0.06,0.06,0.0
ngp2|2026-07-08|day,ngp2,hydration,Timing,1,0.07,0.07,0.0
ngp2|2026-07-08|day,ngp2,foil,Sealing Lane,61,2.54,0.38,2.16
ngp2|2026-07-08|day,ngp2,foil,Other,11,0.32,0.08,0.24
ngp2|2026-07-08|day,ngp2,foil,Detection Fault,27,0.96,0.0,0.96
ngp2|2026-07-08|day,ngp2,foil,Edge Trim,2,0.11,0.11,0.0
ngp2|2026-07-08|day,ngp2,foil,Positioning,5,0.13,0.0,0.13
ngp2|2026-07-08|day,ngp2,foil,Printer,5,0.25,0.14,0.11
ngp2|2026-07-08|day,ngp2,schubert,Line Stop / Wait,8,0.47,0.0,0.47
ngp2|2026-07-08|day,ngp2,manual,Manual,8,0.37,0.0,0.37
ngp2|2026-07-08|day,ngp2,unattributed,Other,3,0.52,0.47,0.05
ngp2|2026-07-08|night,ngp2,hydration,Catheter Reject,6,0.13,0.11,0.02
ngp2|2026-07-08|night,ngp2,hydration,Gripper,17,0.84,0.78,0.06
ngp2|2026-07-08|night,ngp2,hydration,Cap,11,0.46,0.46,0.0
ngp2|2026-07-08|night,ngp2,hydration,Other,2,0.06,0.06,0.0
ngp2|2026-07-08|night,ngp2,hydration,Limit Switch,2,0.04,0.04,0.0
ngp2|2026-07-08|night,ngp2,foil,Printer,8,0.7,0.08,0.62
ngp2|2026-07-08|night,ngp2,foil,Detection Fault,15,4.07,0.0,4.07
ngp2|2026-07-08|night,ngp2,foil,Labeler,1,0.02,0.0,0.02
ngp2|2026-07-08|night,ngp2,foil,Sealing Lane,17,0.79,0.0,0.79
ngp2|2026-07-08|night,ngp2,foil,Edge Trim,2,0.11,0.11,0.0
ngp2|2026-07-08|night,ngp2,foil,Positioning,1,0.03,0.0,0.03
ngp2|2026-07-08|night,ngp2,foil,Other,13,0.47,0.31,0.16
ngp2|2026-07-08|night,ngp2,schubert,Line Stop / Wait,8,0.39,0.0,0.39
ngp2|2026-07-08|night,ngp2,manual,Manual,2,0.26,0.0,0.26
ngp2|2026-07-08|night,ngp2,unattributed,Other,2,0.09,0.0,0.09
ngp2|2026-07-09|day,ngp2,hydration,Cap,18,1.49,1.42,0.08
ngp2|2026-07-09|day,ngp2,hydration,Gripper,6,0.21,0.17,0.04
ngp2|2026-07-09|day,ngp2,hydration,Limit Switch,9,0.24,0.24,0.0
ngp2|2026-07-09|day,ngp2,hydration,Timing,1,0.01,0.01,0.0
ngp2|2026-07-09|day,ngp2,hydration,Catheter Reject,4,0.11,0.11,0.0
ngp2|2026-07-09|day,ngp2,hydration,Other,1,0.01,0.01,0.0
ngp2|2026-07-09|day,ngp2,foil,Detection Fault,13,7.78,7.52,0.26
ngp2|2026-07-09|day,ngp2,foil,Positioning,4,0.09,0.0,0.09
ngp2|2026-07-09|day,ngp2,foil,Edge Trim,1,0.14,0.14,0.0
ngp2|2026-07-09|day,ngp2,foil,Other,5,0.13,0.05,0.08
ngp2|2026-07-09|day,ngp2,foil,Sealing Lane,9,0.29,0.0,0.29
ngp2|2026-07-09|day,ngp2,foil,Printer,4,0.14,0.13,0.01
ngp2|2026-07-09|day,ngp2,schubert,Line Stop / Wait,2,0.09,0.0,0.09
ngp2|2026-07-09|day,ngp2,manual,Manual,4,0.07,0.0,0.07
ngp2|2026-07-09|night,ngp2,hydration,Cap,9,0.31,0.2,0.11
ngp2|2026-07-09|night,ngp2,hydration,Limit Switch,8,0.17,0.17,0.0
ngp2|2026-07-09|night,ngp2,hydration,Other,7,0.26,0.26,0.0
ngp2|2026-07-09|night,ngp2,hydration,Catheter Reject,8,1.04,0.17,0.87
ngp2|2026-07-09|night,ngp2,hydration,Gripper,24,1.17,1.15,0.02
ngp2|2026-07-09|night,ngp2,hydration,Cover,1,0.03,0.03,0.0
ngp2|2026-07-09|night,ngp2,foil,Detection Fault,27,1.03,0.0,1.03
ngp2|2026-07-09|night,ngp2,foil,Sealing Lane,47,1.24,0.0,1.24
ngp2|2026-07-09|night,ngp2,foil,Positioning,3,0.04,0.0,0.04
ngp2|2026-07-09|night,ngp2,foil,Edge Trim,17,1.53,1.36,0.17
ngp2|2026-07-09|night,ngp2,foil,Other,8,0.55,0.03,0.52
ngp2|2026-07-09|night,ngp2,foil,Labeler,2,0.11,0.09,0.01
ngp2|2026-07-09|night,ngp2,foil,Printer,18,0.52,0.21,0.31
ngp2|2026-07-09|night,ngp2,schubert,Line Stop / Wait,5,0.3,0.0,0.3
ngp2|2026-07-09|night,ngp2,manual,Manual,4,0.1,0.0,0.1
ngp2|2026-07-09|night,ngp2,unattributed,Other,3,0.06,0.02,0.04
ngp2|2026-07-10|day,ngp2,hydration,Cap,17,0.61,0.52,0.1
ngp2|2026-07-10|day,ngp2,hydration,Catheter Reject,7,0.54,0.54,0.0
ngp2|2026-07-10|day,ngp2,hydration,Limit Switch,9,0.25,0.25,0.0
ngp2|2026-07-10|day,ngp2,hydration,Gripper,13,0.47,0.34,0.13
ngp2|2026-07-10|day,ngp2,hydration,Cover,2,0.08,0.08,0.0
ngp2|2026-07-10|day,ngp2,hydration,Other,4,0.18,0.09,0.08
ngp2|2026-07-10|day,ngp2,foil,Detection Fault,10,0.25,0.0,0.25
ngp2|2026-07-10|day,ngp2,foil,Sealing Lane,21,0.65,0.1,0.55
ngp2|2026-07-10|day,ngp2,foil,Printer,16,0.62,0.25,0.37
ngp2|2026-07-10|day,ngp2,foil,Edge Trim,8,0.55,0.47,0.08
ngp2|2026-07-10|day,ngp2,foil,Positioning,3,0.08,0.0,0.08
ngp2|2026-07-10|day,ngp2,foil,Other,10,0.45,0.13,0.31
ngp2|2026-07-10|day,ngp2,foil,Labeler,1,0.07,0.07,0.0
ngp2|2026-07-10|day,ngp2,schubert,Line Stop / Wait,45,3.08,0.0,3.08
ngp2|2026-07-10|day,ngp2,manual,Manual,3,0.27,0.0,0.27
ngp2|2026-07-10|day,ngp2,unattributed,Other,6,0.13,0.0,0.13
ngp2|2026-07-10|night,ngp2,hydration,Catheter Reject,4,0.17,0.17,0.0
ngp2|2026-07-10|night,ngp2,hydration,Gripper,9,0.46,0.46,0.0
ngp2|2026-07-10|night,ngp2,hydration,Limit Switch,1,0.02,0.02,0.0
ngp2|2026-07-10|night,ngp2,hydration,Other,5,0.15,0.15,0.0
ngp2|2026-07-10|night,ngp2,hydration,Cap,8,0.24,0.24,0.0
ngp2|2026-07-10|night,ngp2,foil,Sealing Lane,50,1.41,0.0,1.41
ngp2|2026-07-10|night,ngp2,foil,Detection Fault,37,1.06,0.0,1.06
ngp2|2026-07-10|night,ngp2,foil,Labeler,2,0.34,0.31,0.03
ngp2|2026-07-10|night,ngp2,foil,Other,14,0.52,0.2,0.31
ngp2|2026-07-10|night,ngp2,foil,Printer,8,0.21,0.05,0.16
ngp2|2026-07-10|night,ngp2,foil,Positioning,2,0.03,0.0,0.03
ngp2|2026-07-10|night,ngp2,foil,Edge Trim,6,0.22,0.18,0.04
ngp2|2026-07-10|night,ngp2,schubert,Line Stop / Wait,17,1.08,0.67,0.41
ngp2|2026-07-10|night,ngp2,manual,Manual,1,0.31,0.0,0.31
ngp2|2026-07-10|night,ngp2,unattributed,Other,2,0.06,0.0,0.06
ngp2|2026-07-11|day,ngp2,hydration,Catheter Reject,2,0.03,0.02,0.01
ngp2|2026-07-11|day,ngp2,hydration,Cap,12,0.41,0.32,0.08
ngp2|2026-07-11|day,ngp2,hydration,Gripper,9,0.26,0.15,0.11
ngp2|2026-07-11|day,ngp2,hydration,Other,5,0.29,0.29,0.0
ngp2|2026-07-11|day,ngp2,hydration,Limit Switch,3,0.17,0.09,0.08
ngp2|2026-07-11|day,ngp2,hydration,Cover,1,0.11,0.0,0.11
ngp2|2026-07-11|day,ngp2,foil,Sealing Lane,63,1.87,0.0,1.87
ngp2|2026-07-11|day,ngp2,foil,Detection Fault,54,1.47,0.0,1.47
ngp2|2026-07-11|day,ngp2,foil,Other,5,0.15,0.11,0.05
ngp2|2026-07-11|day,ngp2,foil,Printer,9,0.4,0.26,0.14
ngp2|2026-07-11|day,ngp2,foil,Edge Trim,12,0.75,0.46,0.29
ngp2|2026-07-11|day,ngp2,foil,Positioning,4,0.31,0.27,0.04
ngp2|2026-07-11|day,ngp2,schubert,Line Stop / Wait,8,0.4,0.0,0.4
ngp2|2026-07-11|day,ngp2,manual,Manual,4,0.65,0.31,0.34
ngp2|2026-07-11|day,ngp2,unattributed,Other,2,0.05,0.0,0.05
ngp2|2026-07-11|night,ngp2,hydration,Gripper,10,0.2,0.12,0.08
ngp2|2026-07-11|night,ngp2,hydration,Other,8,0.2,0.1,0.1
ngp2|2026-07-11|night,ngp2,hydration,Catheter Reject,2,0.04,0.02,0.02
ngp2|2026-07-11|night,ngp2,hydration,Limit Switch,10,0.23,0.21,0.02
ngp2|2026-07-11|night,ngp2,hydration,Cap,4,0.1,0.1,0.0
ngp2|2026-07-11|night,ngp2,hydration,Cover,1,0.03,0.03,0.0
ngp2|2026-07-11|night,ngp2,foil,Detection Fault,63,2.52,0.0,2.52
ngp2|2026-07-11|night,ngp2,foil,Other,17,0.6,0.46,0.14
ngp2|2026-07-11|night,ngp2,foil,Sealing Lane,36,1.1,0.0,1.1
ngp2|2026-07-11|night,ngp2,foil,Printer,8,0.32,0.21,0.12
ngp2|2026-07-11|night,ngp2,foil,Positioning,6,0.17,0.0,0.17
ngp2|2026-07-11|night,ngp2,foil,Edge Trim,12,0.62,0.41,0.21
ngp2|2026-07-11|night,ngp2,foil,Labeler,5,0.17,0.09,0.08
ngp2|2026-07-11|night,ngp2,schubert,Line Stop / Wait,12,0.6,0.0,0.6
ngp2|2026-07-11|night,ngp2,manual,Manual,2,0.09,0.0,0.09
ngp2|2026-07-11|night,ngp2,unattributed,Other,4,0.13,0.03,0.1
ngp2|2026-07-12|day,ngp2,hydration,Other,9,0.16,0.13,0.03
ngp2|2026-07-12|day,ngp2,hydration,Gripper,15,0.86,0.84,0.01
ngp2|2026-07-12|day,ngp2,hydration,Cap,14,0.59,0.52,0.07
ngp2|2026-07-12|day,ngp2,hydration,Limit Switch,17,1.62,1.58,0.04
ngp2|2026-07-12|day,ngp2,hydration,Catheter Reject,4,0.14,0.05,0.09
ngp2|2026-07-12|day,ngp2,hydration,Cover,3,0.1,0.1,0.0
ngp2|2026-07-12|day,ngp2,foil,Printer,10,0.38,0.27,0.11
ngp2|2026-07-12|day,ngp2,foil,Other,18,0.68,0.49,0.19
ngp2|2026-07-12|day,ngp2,foil,Detection Fault,53,1.62,0.16,1.46
ngp2|2026-07-12|day,ngp2,foil,Sealing Lane,14,0.27,0.0,0.27
ngp2|2026-07-12|day,ngp2,foil,Edge Trim,7,0.31,0.21,0.1
ngp2|2026-07-12|day,ngp2,foil,Labeler,3,0.14,0.12,0.02
ngp2|2026-07-12|day,ngp2,foil,Positioning,8,0.16,0.0,0.16
ngp2|2026-07-12|day,ngp2,schubert,Line Stop / Wait,9,0.25,0.0,0.25
ngp2|2026-07-12|day,ngp2,manual,Manual,3,0.29,0.11,0.17
ngp2|2026-07-12|day,ngp2,unattributed,Other,5,0.13,0.02,0.1
ngp2|2026-07-12|night,ngp2,hydration,Cap,11,0.39,0.37,0.01
ngp2|2026-07-12|night,ngp2,hydration,Gripper,4,0.07,0.06,0.01
ngp2|2026-07-12|night,ngp2,hydration,Limit Switch,14,0.29,0.22,0.07
ngp2|2026-07-12|night,ngp2,hydration,Cover,1,0.03,0.03,0.0
ngp2|2026-07-12|night,ngp2,hydration,Other,7,0.18,0.1,0.08
ngp2|2026-07-12|night,ngp2,hydration,Timing,2,0.32,0.32,0.0
ngp2|2026-07-12|night,ngp2,hydration,PMK / Media,1,0.43,0.43,0.0
ngp2|2026-07-12|night,ngp2,foil,Detection Fault,13,0.41,0.0,0.41
ngp2|2026-07-12|night,ngp2,foil,Printer,6,0.39,0.21,0.18
ngp2|2026-07-12|night,ngp2,foil,Labeler,2,0.19,0.09,0.09
ngp2|2026-07-12|night,ngp2,foil,Other,14,0.61,0.46,0.15
ngp2|2026-07-12|night,ngp2,foil,Edge Trim,11,0.41,0.39,0.03
ngp2|2026-07-12|night,ngp2,foil,Sealing Lane,20,0.52,0.0,0.52
ngp2|2026-07-12|night,ngp2,foil,Positioning,1,0.01,0.0,0.01
ngp2|2026-07-12|night,ngp2,schubert,Line Stop / Wait,30,1.55,0.22,1.32
ngp2|2026-07-12|night,ngp2,manual,Manual,2,0.05,0.0,0.05
ngp2|2026-07-12|night,ngp2,unattributed,Other,11,0.34,0.01,0.32
ngp2|2026-07-13|day,ngp2,hydration,PMK / Media,1,0.72,0.0,0.72
ngp2|2026-07-13|day,ngp2,hydration,Limit Switch,39,2.73,2.72,0.01
ngp2|2026-07-13|day,ngp2,hydration,Cap,6,0.32,0.32,0.0
ngp2|2026-07-13|day,ngp2,hydration,Other,7,0.32,0.3,0.01
ngp2|2026-07-13|day,ngp2,hydration,Gripper,9,0.54,0.54,0.0
ngp2|2026-07-13|day,ngp2,hydration,Foam,1,0.02,0.02,0.0
ngp2|2026-07-13|day,ngp2,hydration,Catheter Reject,4,0.13,0.13,0.0
ngp2|2026-07-13|day,ngp2,hydration,Timing,1,0.23,0.23,0.0
ngp2|2026-07-13|day,ngp2,foil,Detection Fault,5,0.21,0.0,0.21
ngp2|2026-07-13|day,ngp2,foil,Sealing Lane,12,0.97,0.0,0.97
ngp2|2026-07-13|day,ngp2,foil,Other,3,0.3,0.08,0.22
ngp2|2026-07-13|day,ngp2,foil,Printer,6,0.42,0.33,0.09
ngp2|2026-07-13|day,ngp2,foil,Positioning,6,0.14,0.0,0.14
ngp2|2026-07-13|day,ngp2,foil,Edge Trim,5,0.26,0.26,0.0
ngp2|2026-07-13|day,ngp2,schubert,Line Stop / Wait,9,0.42,0.0,0.42
ngp2|2026-07-13|day,ngp2,manual,Manual,4,0.28,0.0,0.28
ngp2|2026-07-13|day,ngp2,unattributed,Other,5,0.22,0.02,0.19
ngp2|2026-07-13|night,ngp2,hydration,Catheter Reject,4,0.2,0.2,0.0
ngp2|2026-07-13|night,ngp2,hydration,Limit Switch,6,0.5,0.5,0.0
ngp2|2026-07-13|night,ngp2,hydration,Timing,1,0.09,0.09,0.0
ngp2|2026-07-13|night,ngp2,hydration,PMK / Media,2,0.46,0.46,0.0
ngp2|2026-07-13|night,ngp2,hydration,Gripper,8,0.19,0.19,0.0
ngp2|2026-07-13|night,ngp2,hydration,Other,6,0.09,0.04,0.04
ngp2|2026-07-13|night,ngp2,hydration,Cap,2,0.14,0.14,0.0
ngp2|2026-07-13|night,ngp2,foil,Printer,8,0.48,0.35,0.12
ngp2|2026-07-13|night,ngp2,foil,Other,7,0.23,0.13,0.11
ngp2|2026-07-13|night,ngp2,foil,Labeler,2,0.2,0.2,0.0
ngp2|2026-07-13|night,ngp2,foil,Detection Fault,3,0.04,0.0,0.04
ngp2|2026-07-13|night,ngp2,foil,Sealing Lane,15,0.27,0.0,0.27
ngp2|2026-07-13|night,ngp2,foil,Positioning,2,0.04,0.0,0.04
ngp2|2026-07-13|night,ngp2,schubert,Line Stop / Wait,24,0.99,0.0,0.99
ngp2|2026-07-13|night,ngp2,manual,Manual,2,0.27,0.24,0.02
ngp2|2026-07-13|night,ngp2,unattributed,Other,6,0.33,0.0,0.33
ngp2|2026-07-14|day,ngp2,hydration,PMK / Media,2,0.67,0.52,0.14
ngp2|2026-07-14|day,ngp2,hydration,Gripper,12,1.24,1.24,0.0
ngp2|2026-07-14|day,ngp2,hydration,Limit Switch,2,0.06,0.06,0.0
ngp2|2026-07-14|day,ngp2,hydration,Other,6,0.2,0.14,0.06
ngp2|2026-07-14|day,ngp2,hydration,Catheter Reject,4,0.08,0.08,0.0
ngp2|2026-07-14|day,ngp2,hydration,Timing,1,0.08,0.08,0.0
ngp2|2026-07-14|day,ngp2,hydration,Cap,1,0.03,0.03,0.0
ngp2|2026-07-14|day,ngp2,foil,Other,16,0.46,0.27,0.19
ngp2|2026-07-14|day,ngp2,foil,Detection Fault,5,0.33,0.0,0.33
ngp2|2026-07-14|day,ngp2,foil,Edge Trim,1,0.17,0.0,0.17
ngp2|2026-07-14|day,ngp2,foil,Sealing Lane,6,0.78,0.68,0.1
ngp2|2026-07-14|day,ngp2,foil,Labeler,2,0.86,0.86,0.0
ngp2|2026-07-14|day,ngp2,foil,Printer,3,0.14,0.05,0.08
ngp2|2026-07-14|day,ngp2,foil,Positioning,1,0.17,0.17,0.0
ngp2|2026-07-14|day,ngp2,schubert,Line Stop / Wait,15,1.14,0.08,1.07
ngp2|2026-07-14|day,ngp2,manual,Manual,2,0.51,0.0,0.51
ngp2|2026-07-14|day,ngp2,unattributed,Other,5,0.28,0.0,0.28
ngp2|2026-07-14|night,ngp2,hydration,Gripper,9,0.25,0.23,0.02
ngp2|2026-07-14|night,ngp2,hydration,Catheter Reject,1,0.02,0.02,0.0
ngp2|2026-07-14|night,ngp2,hydration,Other,12,0.47,0.41,0.06
ngp2|2026-07-14|night,ngp2,hydration,Limit Switch,2,0.04,0.04,0.0
ngp2|2026-07-14|night,ngp2,hydration,Timing,2,0.2,0.2,0.0
ngp2|2026-07-14|night,ngp2,hydration,PMK / Media,1,0.19,0.19,0.0
ngp2|2026-07-14|night,ngp2,foil,Detection Fault,50,1.43,0.0,1.43
ngp2|2026-07-14|night,ngp2,foil,Printer,6,0.19,0.04,0.14
ngp2|2026-07-14|night,ngp2,foil,Positioning,6,0.17,0.0,0.17
ngp2|2026-07-14|night,ngp2,foil,Sealing Lane,7,0.17,0.0,0.17
ngp2|2026-07-14|night,ngp2,foil,Other,5,0.25,0.21,0.04
ngp2|2026-07-14|night,ngp2,foil,Labeler,1,0.08,0.08,0.0
ngp2|2026-07-14|night,ngp2,schubert,Line Stop / Wait,28,0.8,0.0,0.8
ngp2|2026-07-14|night,ngp2,unattributed,Other,9,0.23,0.02,0.21
